Especie_planta,Toxic_Yes,Conocimiento_sobre_plantas_enc,Tiempo_de_dedicacion_enc,Clima_No_Seco,Tonos_Cálidos,Tonos_Fríos,Tonos_Me es indiferente,Vivienda_Adosado,Vivienda_Apartamento,Vivienda_Chalet,Dificultad,Ubicación,Estatura,Frecuencia_Riego,Tolera_mediterráneo_seco,Adecuado_para_mascotas,Sensación
Costilla de Adán,0.0,1.0,1.0,1,0,1,0,0,0,1,2,0,2,2,0,0,1
Costilla de Adán,1.0,1.0,2.0,1,0,1,0,1,0,0,2,0,2,2,0,0,1
Costilla de Adán,1.0,1.0,1.0,1,0,0,1,0,1,0,2,0,2,2,0,0,1
Costilla de Adán,0.0,1.0,1.0,0,1,0,0,0,1,0,2,0,2,2,0,0,1
Costilla de Adán,1.0,1.0,2.0,1,0,0,1,0,0,1,2,0,2,2,0,0,1
Costilla de Adán,1.0,1.0,2.0,1,1,0,0,0,1,0,2,0,2,2,0,0,1
Costilla de Adán,0.0,1.0,2.0,1,1,0,0,0,1,0,2,0,2,2,0,0,1
Costilla de Adán,0.0,0.0,2.0,1,0,0,1,0,1,0,2,0,2,2,0,0,1
Costilla de Adán,1.0,1.0,1.0,1,0,1,0,0,1,0,2,0,2,2,0,0,1
Costilla de Adán,0.0,1.0,2.0,1,1,0,0,0,1,0,2,0,2,2,0,0,1
Costilla de Adán,1.0,1.0,2.0,1,0,0,1,0,1,0,2,0,2,2,0,0,1
Costilla de Adán,0.0,1.0,1.0,0,0,0,1,0,1,0,2,0,2,2,0,0,1
Costilla de Adán,0.0,1.0,3.0,1,1,0,0,0,0,1,2,0,2,2,0,0,1
Costilla de Adán,0.0,0.0,2.0,1,1,0,0,0,1,0,2,0,2,2,0,0,1
Costilla de Adán,1.0,1.0,1.0,1,0,0,1,0,1,0,2,0,2,2,0,0,1
Costilla de Adán,0.0,0.0,1.0,1,1,0,0,0,1,0,2,0,2,2,0,0,1
Costilla de Adán,1.0,1.0,1.0,1,1,0,0,0,1,0,2,0,2,2,0,0,1
Costilla de Adán,1.0,1.0,1.0,0,1,0,0,0,1,0,2,0,2,2,0,0,1
Costilla de Adán,0.0,0.0,0.0,1,0,0,1,1,0,0,2,0,2,2,0,0,1
Costilla de Adán,1.0,2.0,3.0,1,1,0,0,0,1,0,2,0,2,2,0,0,1
Costilla de Adán,1.0,3.0,2.0,1,0,1,0,1,0,0,2,0,2,2,0,0,1
Costilla de Adán,1.0,1.0,2.0,1,0,1,0,1,0,0,2,0,2,2,0,0,1
Costilla de Adán,0.0,0.0,1.0,1,0,0,1,0,1,0,2,0,2,2,0,0,1
Costilla de Adán,1.0,1.0,2.0,1,0,1,0,0,1,0,2,0,2,2,0,0,1
Costilla de Adán,0.0,1.0,2.0,1,0,1,0,0,0,1,2,0,2,2,0,0,1
Costilla de Adán,1.0,1.0,1.0,0,1,0,0,0,1,0,2,0,2,2,0,0,1
Costilla de Adán,0.0,1.0,1.0,1,1,0,0,0,1,0,2,0,2,2,0,0,1
Costilla de Adán,1.0,1.0,1.0,1,0,1,0,0,1,0,2,0,2,2,0,0,1
Costilla de Adán,1.0,1.0,1.0,1,0,0,1,0,0,1,2,0,2,2,0,0,1
Costilla de Adán,0.0,2.0,2.0,1,0,0,1,1,0,0,2,0,2,2,0,0,1
Costilla de Adán,0.0,1.0,1.0,1,0,1,0,0,1,0,2,0,2,2,0,0,1
Costilla de Adán,0.0,1.0,2.0,1,0,0,1,1,0,0,2,0,2,2,0,0,1
Costilla de Adán,0.0,2.0,2.0,1,0,1,0,0,1,0,2,0,2,2,0,0,1
Costilla de Adán,0.0,1.0,1.0,1,1,0,0,0,1,0,2,0,2,2,0,0,1
Costilla de Adán,1.0,1.0,2.0,1,0,0,1,0,0,1,2,0,2,2,0,0,1
Costilla de Adán,0.0,0.0,0.0,0,1,0,0,0,0,1,2,0,2,2,0,0,1
Costilla de Adán,1.0,1.0,2.0,1,0,0,1,0,0,1,2,0,2,2,0,0,1
Costilla de Adán,1.0,0.0,2.0,1,0,0,1,0,0,1,2,0,2,2,0,0,1
Costilla de Adán,0.0,1.0,1.0,1,0,1,0,0,1,0,2,0,2,2,0,0,1
Costilla de Adán,1.0,1.0,2.0,1,0,0,1,0,1,0,2,0,2,2,0,0,1
Costilla de Adán,1.0,1.0,1.0,1,0,1,0,1,0,0,2,0,2,2,0,0,1
Costilla de Adán,1.0,1.0,2.0,0,0,1,0,0,1,0,2,0,2,2,0,0,1
Costilla de Adán,0.0,1.0,0.0,0,0,1,0,0,1,0,2,0,2,2,0,0,1
Costilla de Adán,1.0,1.0,2.0,1,1,0,0,0,1,0,2,0,2,2,0,0,1
Costilla de Adán,0.0,1.0,2.0,1,0,1,0,0,1,0,2,0,2,2,0,0,1
Costilla de Adán,1.0,2.0,1.0,0,1,0,0,0,0,1,2,0,2,2,0,0,1
Costilla de Adán,0.0,1.0,1.0,0,1,0,0,0,1,0,2,0,2,2,0,0,1
Costilla de Adán,1.0,0.0,1.0,0,1,0,0,0,0,1,2,0,2,2,0,0,1
Costilla de Adán,1.0,1.0,2.0,1,1,0,0,0,1,0,2,0,2,2,0,0,1
Costilla de Adán,0.0,1.0,1.0,1,0,1,0,0,0,1,2,0,2,2,0,0,1
Costilla de Adán,1.0,1.0,1.0,1,0,0,1,0,1,0,2,0,2,2,0,0,1
Costilla de Adán,0.0,1.0,1.0,0,1,0,0,1,0,0,2,0,2,2,0,0,1
Costilla de Adán,1.0,1.0,0.0,1,0,0,1,0,1,0,2,0,2,2,0,0,1
Costilla de Adán,0.0,1.0,1.0,1,0,1,0,1,0,0,2,0,2,2,0,0,1
Costilla de Adán,0.0,2.0,3.0,1,0,1,0,0,1,0,2,0,2,2,0,0,1
Costilla de Adán,0.0,1.0,1.0,1,0,1,0,0,1,0,2,0,2,2,0,0,1
Costilla de Adán,1.0,1.0,2.0,1,0,1,0,0,1,0,2,0,2,2,0,0,1
Costilla de Adán,0.0,2.0,1.0,1,1,0,0,1,0,0,2,0,2,2,0,0,1
Costilla de Adán,0.0,0.0,1.0,1,0,0,1,0,1,0,2,0,2,2,0,0,1
Costilla de Adán,1.0,1.0,1.0,1,0,0,1,0,1,0,2,0,2,2,0,0,1
Costilla de Adán,1.0,1.0,3.0,1,0,0,1,1,0,0,2,0,2,2,0,0,1
Costilla de Adán,0.0,1.0,1.0,1,1,0,0,0,1,0,2,0,2,2,0,0,1
Costilla de Adán,1.0,1.0,2.0,1,0,0,1,1,0,0,2,0,2,2,0,0,1
Costilla de Adán,0.0,0.0,3.0,1,1,0,0,0,0,1,2,0,2,2,0,0,1
Costilla de Adán,1.0,1.0,2.0,1,1,0,0,0,1,0,2,0,2,2,0,0,1
Costilla de Adán,0.0,1.0,1.0,0,1,0,0,1,0,0,2,0,2,2,0,0,1
Costilla de Adán,0.0,1.0,2.0,1,0,0,1,0,0,1,2,0,2,2,0,0,1
Costilla de Adán,1.0,2.0,2.0,1,1,0,0,1,0,0,2,0,2,2,0,0,1
Costilla de Adán,1.0,1.0,2.0,1,0,0,1,0,1,0,2,0,2,2,0,0,1
Costilla de Adán,1.0,1.0,2.0,1,1,0,0,1,0,0,2,0,2,2,0,0,1
Costilla de Adán,1.0,1.0,2.0,1,0,0,1,0,1,0,2,0,2,2,0,0,1
Costilla de Adán,1.0,1.0,2.0,1,1,0,0,0,0,1,2,0,2,2,0,0,1
Costilla de Adán,1.0,1.0,2.0,1,0,1,0,1,0,0,2,0,2,2,0,0,1
Costilla de Adán,0.0,1.0,2.0,1,1,0,0,0,0,1,2,0,2,2,0,0,1
Costilla de Adán,0.0,1.0,1.0,0,0,1,0,0,1,0,2,0,2,2,0,0,1
Costilla de Adán,1.0,1.0,1.0,0,1,0,0,0,1,0,2,0,2,2,0,0,1
Costilla de Adán,1.0,0.0,1.0,1,1,0,0,1,0,0,2,0,2,2,0,0,1
Costilla de Adán,1.0,1.0,2.0,1,0,0,1,0,1,0,2,0,2,2,0,0,1
Costilla de Adán,0.0,2.0,2.0,1,1,0,0,0,1,0,2,0,2,2,0,0,1
Costilla de Adán,1.0,1.0,2.0,1,1,0,0,0,1,0,2,0,2,2,0,0,1
Costilla de Adán,1.0,0.0,1.0,1,0,0,1,0,1,0,2,0,2,2,0,0,1
Costilla de Adán,0.0,2.0,2.0,1,0,0,1,0,1,0,2,0,2,2,0,0,1
Costilla de Adán,0.0,1.0,2.0,1,0,1,0,0,1,0,2,0,2,2,0,0,1
Costilla de Adán,1.0,1.0,2.0,1,0,1,0,0,1,0,2,0,2,2,0,0,1
Costilla de Adán,0.0,1.0,1.0,1,1,0,0,0,1,0,2,0,2,2,0,0,1
Costilla de Adán,0.0,1.0,2.0,1,0,0,1,1,0,0,2,0,2,2,0,0,1
Costilla de Adán,0.0,1.0,2.0,1,0,0,1,0,1,0,2,0,2,2,0,0,1
Costilla de Adán,0.0,2.0,2.0,1,1,0,0,0,1,0,2,0,2,2,0,0,1
Costilla de Adán,1.0,1.0,3.0,0,0,1,0,0,1,0,2,0,2,2,0,0,1
Costilla de Adán,0.0,3.0,2.0,1,0,0,1,0,0,1,2,0,2,2,0,0,1
Costilla de Adán,0.0,3.0,3.0,1,0,1,0,0,0,1,2,0,2,2,0,0,1
Costilla de Adán,0.0,3.0,2.0,1,0,0,1,0,0,1,2,0,2,2,0,0,1
Costilla de Adán,1.0,3.0,1.0,1,0,1,0,0,1,0,2,0,2,2,0,0,1
Costilla de Adán,1.0,2.0,2.0,1,0,1,0,0,1,0,2,0,2,2,0,0,1
Costilla de Adán,1.0,2.0,3.0,1,1,0,0,0,1,0,2,0,2,2,0,0,1
Costilla de Adán,1.0,2.0,1.0,1,0,0,1,0,1,0,2,0,2,2,0,0,1
Costilla de Adán,0.0,1.0,2.0,0,0,0,1,1,0,0,2,0,2,2,0,0,1
Costilla de Adán,1.0,3.0,1.0,1,0,0,1,0,1,0,2,0,2,2,0,0,1
Costilla de Adán,1.0,2.0,2.0,1,0,0,1,0,1,0,2,0,2,2,0,0,1
Costilla de Adán,0.0,1.0,2.0,1,0,0,1,1,0,0,2,0,2,2,0,0,1
Costilla de Adán,0.0,1.0,3.0,1,0,0,1,0,1,0,2,0,2,2,0,0,1
Costilla de Adán,1.0,1.0,0.0,1,0,1,0,0,0,1,2,0,2,2,0,0,1
Costilla de Adán,1.0,3.0,3.0,1,0,0,1,0,1,0,2,0,2,2,0,0,1
Costilla de Adán,1.0,2.0,3.0,1,1,0,0,0,0,1,2,0,2,2,0,0,1
Costilla de Adán,0.0,2.0,3.0,1,0,1,0,1,0,0,2,0,2,2,0,0,1
Costilla de Adán,0.0,3.0,1.0,0,0,1,0,0,1,0,2,0,2,2,0,0,1
Costilla de Adán,1.0,2.0,2.0,0,1,0,0,0,1,0,2,0,2,2,0,0,1
Costilla de Adán,1.0,3.0,3.0,1,1,0,0,1,0,0,2,0,2,2,0,0,1
Cactus de Navidad,0.0,1.0,1.0,1,0,1,0,0,0,1,2,0,1,1,0,1,1
Cactus de Navidad,1.0,2.0,2.0,1,1,0,0,0,0,1,2,0,1,1,0,1,1
Cactus de Navidad,1.0,1.0,2.0,1,0,0,1,1,0,0,2,0,1,1,0,1,1
Cactus de Navidad,0.0,1.0,1.0,1,0,0,1,0,1,0,2,0,1,1,0,1,1
Cactus de Navidad,0.0,0.0,1.0,1,1,0,0,0,1,0,2,0,1,1,0,1,1
Cactus de Navidad,1.0,1.0,2.0,1,0,1,0,0,1,0,2,0,1,1,0,1,1
Cactus de Navidad,0.0,1.0,2.0,1,1,0,0,0,0,1,2,0,1,1,0,1,1
Cactus de Navidad,0.0,1.0,1.0,0,0,0,1,0,1,0,2,0,1,1,0,1,1
Cactus de Navidad,1.0,1.0,1.0,1,1,0,0,1,0,0,2,0,1,1,0,1,1
Cactus de Navidad,0.0,1.0,1.0,1,0,1,0,0,1,0,2,0,1,1,0,1,1
Cactus de Navidad,1.0,2.0,3.0,1,1,0,0,0,1,0,2,0,1,1,0,1,1
Cactus de Navidad,1.0,3.0,2.0,1,0,1,0,1,0,0,2,0,1,1,0,1,1
Cactus de Navidad,0.0,1.0,2.0,1,0,1,0,0,0,1,2,0,1,1,0,1,1
Cactus de Navidad,1.0,1.0,1.0,1,1,0,0,0,1,0,2,0,1,1,0,1,1
Cactus de Navidad,1.0,1.0,1.0,1,0,1,0,1,0,0,2,0,1,1,0,1,1
Cactus de Navidad,1.0,1.0,1.0,1,0,1,0,0,1,0,2,0,1,1,0,1,1
Cactus de Navidad,1.0,1.0,2.0,1,0,0,1,0,1,0,2,0,1,1,0,1,1
Cactus de Navidad,1.0,1.0,1.0,1,1,0,0,0,1,0,2,0,1,1,0,1,1
Cactus de Navidad,0.0,1.0,2.0,1,1,0,0,0,1,0,2,0,1,1,0,1,1
Cactus de Navidad,1.0,1.0,2.0,1,0,0,1,0,0,1,2,0,1,1,0,1,1
Cactus de Navidad,0.0,0.0,0.0,0,1,0,0,0,0,1,2,0,1,1,0,1,1
Cactus de Navidad,0.0,1.0,2.0,1,1,0,0,0,0,1,2,0,1,1,0,1,1
Cactus de Navidad,1.0,1.0,1.0,1,0,0,1,1,0,0,2,0,1,1,0,1,1
Cactus de Navidad,0.0,0.0,2.0,1,0,1,0,0,1,0,2,0,1,1,0,1,1
Cactus de Navidad,0.0,1.0,1.0,1,1,0,0,0,1,0,2,0,1,1,0,1,1
Cactus de Navidad,1.0,1.0,2.0,1,0,0,1,0,1,0,2,0,1,1,0,1,1
Cactus de Navidad,1.0,1.0,3.0,1,0,0,1,0,1,0,2,0,1,1,0,1,1
Cactus de Navidad,1.0,1.0,2.0,1,0,0,1,0,0,1,2,0,1,1,0,1,1
Cactus de Navidad,1.0,1.0,2.0,1,1,0,0,0,1,0,2,0,1,1,0,1,1
Cactus de Navidad,1.0,2.0,1.0,0,1,0,0,0,0,1,2,0,1,1,0,1,1
Cactus de Navidad,1.0,1.0,2.0,1,0,0,1,0,0,1,2,0,1,1,0,1,1
Cactus de Navidad,0.0,1.0,1.0,0,0,1,0,0,1,0,2,0,1,1,0,1,1
Cactus de Navidad,0.0,1.0,1.0,1,0,1,0,0,1,0,2,0,1,1,0,1,1
Cactus de Navidad,1.0,0.0,1.0,1,1,0,0,0,1,0,2,0,1,1,0,1,1
Cactus de Navidad,1.0,1.0,2.0,1,0,0,1,0,1,0,2,0,1,1,0,1,1
Cactus de Navidad,1.0,1.0,3.0,1,0,0,1,1,0,0,2,0,1,1,0,1,1
Cactus de Navidad,1.0,2.0,2.0,1,0,0,1,0,0,1,2,0,1,1,0,1,1
Cactus de Navidad,0.0,1.0,2.0,1,1,0,0,0,1,0,2,0,1,1,0,1,1
Cactus de Navidad,0.0,1.0,1.0,1,1,0,0,0,1,0,2,0,1,1,0,1,1
Cactus de Navidad,1.0,1.0,2.0,1,0,0,1,1,0,0,2,0,1,1,0,1,1
Cactus de Navidad,1.0,0.0,0.0,1,0,1,0,0,1,0,2,0,1,1,0,1,1
Cactus de Navidad,0.0,1.0,1.0,0,1,0,0,1,0,0,2,0,1,1,0,1,1
Cactus de Navidad,0.0,0.0,2.0,1,1,0,0,0,1,0,2,0,1,1,0,1,1
Cactus de Navidad,0.0,1.0,2.0,1,0,0,1,0,0,1,2,0,1,1,0,1,1
Cactus de Navidad,1.0,1.0,0.0,1,0,0,1,0,1,0,2,0,1,1,0,1,1
Cactus de Navidad,0.0,1.0,2.0,1,1,0,0,0,0,1,2,0,1,1,0,1,1
Cactus de Navidad,1.0,1.0,1.0,1,0,0,1,0,0,1,2,0,1,1,0,1,1
Cactus de Navidad,1.0,1.0,2.0,1,0,0,1,0,1,0,2,0,1,1,0,1,1
Cactus de Navidad,1.0,1.0,1.0,1,0,0,1,0,1,0,2,0,1,1,0,1,1
Cactus de Navidad,1.0,0.0,1.0,1,0,0,1,0,1,0,2,0,1,1,0,1,1
Cactus de Navidad,0.0,1.0,2.0,1,0,0,1,1,0,0,2,0,1,1,0,1,1
Cactus de Navidad,0.0,1.0,2.0,1,0,0,1,0,1,0,2,0,1,1,0,1,1
Cactus de Navidad,0.0,2.0,2.0,1,1,0,0,0,1,0,2,0,1,1,0,1,1
Cactus de Navidad,0.0,2.0,2.0,1,1,0,0,0,1,0,2,0,1,1,0,1,1
Cactus de Navidad,1.0,1.0,3.0,0,0,1,0,0,1,0,2,0,1,1,0,1,1
Cactus de Navidad,0.0,3.0,2.0,1,0,0,1,0,0,1,2,0,1,1,0,1,1
Cactus de Navidad,0.0,3.0,3.0,1,0,1,0,0,0,1,2,0,1,1,0,1,1
Cactus de Navidad,1.0,2.0,2.0,1,0,1,0,0,1,0,2,0,1,1,0,1,1
Cactus de Navidad,0.0,2.0,3.0,1,0,1,0,1,0,0,2,0,1,1,0,1,1
Cactus de Navidad,1.0,3.0,2.0,1,0,0,1,0,0,1,2,0,1,1,0,1,1
Cactus de Navidad,1.0,2.0,2.0,0,1,0,0,0,1,0,2,0,1,1,0,1,1
Cactus de Navidad,1.0,1.0,2.0,1,0,0,1,0,1,0,2,0,1,1,0,1,1
Cactus de Navidad,0.0,1.0,3.0,1,0,0,1,0,1,0,2,0,1,1,0,1,1
Aloe vera,0.0,1.0,1.0,1,0,1,0,0,0,1,1,0,1,0,1,0,0
Aloe vera,1.0,1.0,2.0,1,0,1,0,1,0,0,1,0,1,0,1,0,0
Aloe vera,1.0,2.0,2.0,1,1,0,0,0,0,1,1,0,1,0,1,0,0
Aloe vera,1.0,2.0,2.0,1,0,0,1,0,0,1,1,0,1,0,1,0,0
Aloe vera,0.0,1.0,1.0,0,1,0,0,0,1,0,1,0,1,0,1,0,0
Aloe vera,1.0,1.0,2.0,1,0,0,1,0,0,1,1,0,1,0,1,0,0
Aloe vera,1.0,2.0,2.0,1,1,0,0,0,0,1,1,0,1,0,1,0,0
Aloe vera,1.0,1.0,1.0,1,0,1,0,1,0,0,1,0,1,0,1,0,0
Aloe vera,0.0,1.0,1.0,1,0,0,1,0,1,0,1,0,1,0,1,0,0
Aloe vera,0.0,0.0,1.0,1,1,0,0,0,1,0,1,0,1,0,1,0,0
Aloe vera,1.0,2.0,2.0,0,1,0,0,0,0,1,1,0,1,0,1,0,0
Aloe vera,1.0,1.0,2.0,0,0,1,0,1,0,0,1,0,1,0,1,0,0
Aloe vera,1.0,1.0,2.0,1,0,1,0,0,1,0,1,0,1,0,1,0,0
Aloe vera,0.0,0.0,2.0,1,0,0,1,0,1,0,1,0,1,0,1,0,0
Aloe vera,0.0,1.0,2.0,1,1,0,0,0,1,0,1,0,1,0,1,0,0
Aloe vera,1.0,1.0,2.0,1,0,0,1,0,1,0,1,0,1,0,1,0,0
Aloe vera,0.0,1.0,1.0,0,0,0,1,0,1,0,1,0,1,0,1,0,0
Aloe vera,1.0,0.0,1.0,0,1,0,0,0,1,0,1,0,1,0,1,0,0
Aloe vera,0.0,1.0,3.0,1,1,0,0,0,0,1,1,0,1,0,1,0,0
Aloe vera,0.0,0.0,2.0,1,1,0,0,0,1,0,1,0,1,0,1,0,0
Aloe vera,1.0,1.0,1.0,1,0,1,0,0,1,0,1,0,1,0,1,0,0
Aloe vera,1.0,1.0,1.0,1,0,0,1,0,1,0,1,0,1,0,1,0,0
Aloe vera,1.0,1.0,2.0,1,0,0,1,0,1,0,1,0,1,0,1,0,0
Aloe vera,1.0,1.0,1.0,1,1,0,0,1,0,0,1,0,1,0,1,0,0
Aloe vera,1.0,1.0,1.0,0,1,0,0,0,1,0,1,0,1,0,1,0,0
Aloe vera,1.0,1.0,1.0,1,0,0,1,0,0,1,1,0,1,0,1,0,0
Aloe vera,0.0,1.0,2.0,1,0,0,1,1,0,0,1,0,1,0,1,0,0
Aloe vera,1.0,2.0,3.0,1,1,0,0,0,1,0,1,0,1,0,1,0,0
Aloe vera,0.0,0.0,0.0,1,1,0,0,0,1,0,1,0,1,0,1,0,0
Aloe vera,1.0,1.0,2.0,1,0,1,0,1,0,0,1,0,1,0,1,0,0
Aloe vera,0.0,0.0,1.0,1,0,0,1,0,1,0,1,0,1,0,1,0,0
Aloe vera,1.0,1.0,2.0,1,0,0,1,0,1,0,1,0,1,0,1,0,0
Aloe vera,0.0,0.0,1.0,1,1,0,0,0,1,0,1,0,1,0,1,0,0
Aloe vera,0.0,1.0,1.0,1,0,0,1,0,1,0,1,0,1,0,1,0,0
Aloe vera,1.0,1.0,0.0,1,0,1,0,0,1,0,1,0,1,0,1,0,0
Aloe vera,0.0,1.0,1.0,1,1,0,0,0,1,0,1,0,1,0,1,0,0
Aloe vera,1.0,1.0,1.0,1,0,1,0,1,0,0,1,0,1,0,1,0,0
Aloe vera,1.0,1.0,2.0,1,0,1,0,0,0,1,1,0,1,0,1,0,0
Aloe vera,0.0,2.0,2.0,0,1,0,0,0,1,0,1,0,1,0,1,0,0
Aloe vera,1.0,1.0,1.0,1,0,0,1,0,0,1,1,0,1,0,1,0,0
Aloe vera,0.0,1.0,2.0,1,1,0,0,0,1,0,1,0,1,0,1,0,0
Aloe vera,0.0,2.0,2.0,1,0,1,0,0,1,0,1,0,1,0,1,0,0
Aloe vera,0.0,1.0,1.0,1,1,0,0,0,1,0,1,0,1,0,1,0,0
Aloe vera,1.0,1.0,2.0,1,0,1,0,0,1,0,1,0,1,0,1,0,0
Aloe vera,0.0,0.0,0.0,1,1,0,0,0,1,0,1,0,1,0,1,0,0
Aloe vera,1.0,1.0,1.0,1,1,0,0,1,0,0,1,0,1,0,1,0,0
Aloe vera,1.0,1.0,1.0,0,0,1,0,0,1,0,1,0,1,0,1,0,0
Aloe vera,1.0,1.0,2.0,1,0,0,1,0,0,1,1,0,1,0,1,0,0
Aloe vera,1.0,1.0,2.0,1,0,0,1,0,0,1,1,0,1,0,1,0,0
Aloe vera,0.0,1.0,2.0,1,1,0,0,0,0,1,1,0,1,0,1,0,0
Aloe vera,1.0,1.0,1.0,0,1,0,0,1,0,0,1,0,1,0,1,0,0
Aloe vera,1.0,0.0,1.0,1,0,1,0,0,0,1,1,0,1,0,1,0,0
Aloe vera,0.0,1.0,1.0,1,0,0,1,0,1,0,1,0,1,0,1,0,0
Aloe vera,1.0,0.0,0.0,1,0,1,0,0,1,0,1,0,1,0,1,0,0
Aloe vera,0.0,1.0,1.0,1,0,1,0,0,1,0,1,0,1,0,1,0,0
Aloe vera,1.0,1.0,2.0,1,0,0,1,0,1,0,1,0,1,0,1,0,0
Aloe vera,1.0,0.0,2.0,1,0,0,1,0,0,1,1,0,1,0,1,0,0
Aloe vera,0.0,1.0,1.0,1,1,0,0,0,0,1,1,0,1,0,1,0,0
Aloe vera,0.0,1.0,1.0,1,0,1,0,0,1,0,1,0,1,0,1,0,0
Aloe vera,1.0,1.0,1.0,1,0,1,0,0,1,0,1,0,1,0,1,0,0
Aloe vera,0.0,1.0,2.0,1,0,1,0,0,1,0,1,0,1,0,1,0,0
Aloe vera,0.0,1.0,1.0,1,0,1,0,0,1,0,1,0,1,0,1,0,0
Aloe vera,1.0,3.0,3.0,1,0,1,0,0,1,0,1,0,1,0,1,0,0
Aloe vera,1.0,1.0,1.0,1,0,0,1,0,0,1,1,0,1,0,1,0,0
Aloe vera,1.0,1.0,1.0,1,0,1,0,1,0,0,1,0,1,0,1,0,0
Aloe vera,1.0,1.0,2.0,0,0,1,0,0,1,0,1,0,1,0,1,0,0
Aloe vera,1.0,1.0,1.0,1,1,0,0,0,1,0,1,0,1,0,1,0,0
Aloe vera,1.0,1.0,2.0,1,0,0,1,1,0,0,1,0,1,0,1,0,0
Aloe vera,1.0,1.0,2.0,1,0,0,1,0,0,1,1,0,1,0,1,0,0
Aloe vera,1.0,0.0,2.0,1,0,0,1,0,1,0,1,0,1,0,1,0,0
Aloe vera,1.0,1.0,2.0,1,1,0,0,0,1,0,1,0,1,0,1,0,0
Aloe vera,0.0,0.0,0.0,1,0,0,1,0,1,0,1,0,1,0,1,0,0
Aloe vera,1.0,2.0,1.0,0,1,0,0,0,0,1,1,0,1,0,1,0,0
Aloe vera,1.0,1.0,1.0,1,0,0,1,0,1,0,1,0,1,0,1,0,0
Aloe vera,0.0,3.0,3.0,1,1,0,0,0,1,0,1,0,1,0,1,0,0
Aloe vera,0.0,0.0,1.0,1,1,0,0,0,1,0,1,0,1,0,1,0,0
Aloe vera,1.0,1.0,2.0,1,1,0,0,0,1,0,1,0,1,0,1,0,0
Aloe vera,1.0,0.0,1.0,0,1,0,0,0,0,1,1,0,1,0,1,0,0
Aloe vera,1.0,3.0,1.0,1,1,0,0,0,1,0,1,0,1,0,1,0,0
Aloe vera,1.0,1.0,2.0,0,0,1,0,0,0,1,1,0,1,0,1,0,0
Aloe vera,0.0,1.0,1.0,1,0,1,0,0,0,1,1,0,1,0,1,0,0
Aloe vera,1.0,0.0,0.0,0,0,0,1,1,0,0,1,0,1,0,1,0,0
Aloe vera,1.0,1.0,2.0,0,0,0,1,0,1,0,1,0,1,0,1,0,0
Aloe vera,1.0,1.0,1.0,1,0,0,1,0,1,0,1,0,1,0,1,0,0
Aloe vera,1.0,0.0,1.0,1,0,0,1,0,1,0,1,0,1,0,1,0,0
Aloe vera,0.0,0.0,1.0,1,0,0,1,0,1,0,1,0,1,0,1,0,0
Aloe vera,0.0,0.0,1.0,1,0,0,1,0,1,0,1,0,1,0,1,0,0
Aloe vera,1.0,1.0,2.0,1,0,0,1,0,1,0,1,0,1,0,1,0,0
Aloe vera,1.0,1.0,1.0,1,0,0,1,0,1,0,1,0,1,0,1,0,0
Aloe vera,1.0,1.0,3.0,1,0,0,1,1,0,0,1,0,1,0,1,0,0
Aloe vera,0.0,1.0,1.0,1,1,0,0,0,1,0,1,0,1,0,1,0,0
Aloe vera,1.0,2.0,1.0,1,0,0,1,0,1,0,1,0,1,0,1,0,0
Aloe vera,0.0,1.0,1.0,1,1,0,0,0,0,1,1,0,1,0,1,0,0
Aloe vera,1.0,1.0,2.0,1,0,0,1,1,0,0,1,0,1,0,1,0,0
Aloe vera,1.0,0.0,0.0,1,0,1,0,0,1,0,1,0,1,0,1,0,0
Aloe vera,1.0,1.0,2.0,1,1,0,0,0,1,0,1,0,1,0,1,0,0
Aloe vera,0.0,1.0,1.0,0,1,0,0,1,0,0,1,0,1,0,1,0,0
Aloe vera,1.0,0.0,1.0,1,1,0,0,0,1,0,1,0,1,0,1,0,0
Aloe vera,1.0,2.0,1.0,0,0,0,1,0,1,0,1,0,1,0,1,0,0
Aloe vera,0.0,0.0,2.0,1,1,0,0,0,1,0,1,0,1,0,1,0,0
Aloe vera,1.0,1.0,2.0,1,0,0,1,0,1,0,1,0,1,0,1,0,0
Aloe vera,0.0,1.0,2.0,1,0,1,0,1,0,0,1,0,1,0,1,0,0
Aloe vera,1.0,2.0,2.0,1,1,0,0,1,0,0,1,0,1,0,1,0,0
Aloe vera,1.0,1.0,2.0,1,0,0,1,0,1,0,1,0,1,0,1,0,0
Aloe vera,1.0,1.0,2.0,1,1,0,0,1,0,0,1,0,1,0,1,0,0
Aloe vera,0.0,3.0,2.0,1,1,0,0,1,0,0,1,0,1,0,1,0,0
Aloe vera,1.0,1.0,0.0,1,0,0,1,0,1,0,1,0,1,0,1,0,0
Aloe vera,1.0,1.0,3.0,0,1,0,0,0,1,0,1,0,1,0,1,0,0
Aloe vera,1.0,1.0,2.0,1,0,1,0,1,0,0,1,0,1,0,1,0,0
Aloe vera,0.0,1.0,2.0,1,1,0,0,0,0,1,1,0,1,0,1,0,0
Aloe vera,0.0,1.0,2.0,1,0,1,0,0,1,0,1,0,1,0,1,0,0
Aloe vera,1.0,1.0,1.0,0,1,0,0,0,1,0,1,0,1,0,1,0,0
Aloe vera,0.0,0.0,1.0,1,0,0,1,0,0,1,1,0,1,0,1,0,0
Aloe vera,1.0,2.0,2.0,1,0,1,0,0,1,0,1,0,1,0,1,0,0
Aloe vera,1.0,1.0,1.0,1,0,0,1,0,0,1,1,0,1,0,1,0,0
Aloe vera,1.0,1.0,2.0,1,0,0,1,0,1,0,1,0,1,0,1,0,0
Aloe vera,1.0,1.0,1.0,1,0,0,1,0,1,0,1,0,1,0,1,0,0
Aloe vera,1.0,1.0,1.0,1,0,0,1,1,0,0,1,0,1,0,1,0,0
Aloe vera,1.0,0.0,2.0,1,1,0,0,0,1,0,1,0,1,0,1,0,0
Aloe vera,0.0,1.0,1.0,1,0,1,0,0,1,0,1,0,1,0,1,0,0
Aloe vera,0.0,1.0,2.0,1,1,0,0,0,1,0,1,0,1,0,1,0,0
Aloe vera,0.0,1.0,2.0,1,0,0,1,1,0,0,1,0,1,0,1,0,0
Aloe vera,0.0,1.0,2.0,1,0,0,1,0,1,0,1,0,1,0,1,0,0
Aloe vera,1.0,1.0,2.0,1,0,0,1,0,1,0,1,0,1,0,1,0,0
Aloe vera,1.0,2.0,2.0,1,0,0,1,0,1,0,1,0,1,0,1,0,0
Aloe vera,0.0,1.0,2.0,1,0,1,0,0,1,0,1,0,1,0,1,0,0
Aloe vera,0.0,1.0,1.0,1,0,0,1,0,1,0,1,0,1,0,1,0,0
Aloe vera,0.0,2.0,2.0,1,1,0,0,0,1,0,1,0,1,0,1,0,0
Aloe vera,1.0,1.0,1.0,1,0,1,0,0,1,0,1,0,1,0,1,0,0
Aloe vera,1.0,2.0,1.0,1,0,0,1,1,0,0,1,0,1,0,1,0,0
Aloe vera,0.0,2.0,2.0,1,1,0,0,0,1,0,1,0,1,0,1,0,0
Aloe vera,1.0,1.0,1.0,0,0,0,1,0,1,0,1,0,1,0,1,0,0
Aloe vera,0.0,2.0,2.0,1,0,1,0,0,1,0,1,0,1,0,1,0,0
Aloe vera,0.0,2.0,3.0,0,0,0,1,0,0,1,1,0,1,0,1,0,0
Aloe vera,0.0,1.0,1.0,1,1,0,0,0,0,1,1,0,1,0,1,0,0
Aloe vera,1.0,1.0,3.0,1,1,0,0,0,1,0,1,0,1,0,1,0,0
Aloe vera,0.0,3.0,3.0,1,0,1,0,0,0,1,1,0,1,0,1,0,0
Aloe vera,1.0,3.0,1.0,1,0,1,0,0,1,0,1,0,1,0,1,0,0
Aloe vera,1.0,2.0,3.0,1,1,0,0,0,1,0,1,0,1,0,1,0,0
Aloe vera,1.0,2.0,1.0,1,0,0,1,0,1,0,1,0,1,0,1,0,0
Aloe vera,0.0,1.0,2.0,0,0,0,1,1,0,0,1,0,1,0,1,0,0
Aloe vera,1.0,1.0,1.0,1,0,0,1,1,0,0,1,0,1,0,1,0,0
Aloe vera,1.0,3.0,1.0,1,0,0,1,0,1,0,1,0,1,0,1,0,0
Aloe vera,0.0,1.0,1.0,0,1,0,0,0,1,0,1,0,1,0,1,0,0
Aloe vera,1.0,2.0,2.0,1,0,1,0,0,1,0,1,0,1,0,1,0,0
Aloe vera,1.0,3.0,1.0,1,0,0,1,1,0,0,1,0,1,0,1,0,0
Aloe vera,1.0,2.0,2.0,1,0,1,0,0,1,0,1,0,1,0,1,0,0
Aloe vera,0.0,1.0,1.0,1,0,0,1,0,0,1,1,0,1,0,1,0,0
Aloe vera,0.0,1.0,3.0,1,0,0,1,0,1,0,1,0,1,0,1,0,0
Aloe vera,1.0,1.0,0.0,1,0,1,0,0,0,1,1,0,1,0,1,0,0
Aloe vera,1.0,1.0,2.0,0,0,0,1,0,1,0,1,0,1,0,1,0,0
Aloe vera,0.0,2.0,2.0,1,0,0,1,1,0,0,1,0,1,0,1,0,0
Aloe vera,1.0,0.0,1.0,1,0,0,1,0,1,0,1,0,1,0,1,0,0
Aloe vera,1.0,3.0,2.0,1,0,0,1,0,0,1,1,0,1,0,1,0,0
Aloe vera,1.0,1.0,2.0,1,0,0,1,0,1,0,1,0,1,0,1,0,0
Aloe vera,1.0,3.0,3.0,1,1,0,0,1,0,0,1,0,1,0,1,0,0
Aloe vera,0.0,3.0,3.0,1,0,0,1,0,0,1,1,0,1,0,1,0,0
Aloe vera,0.0,3.0,3.0,1,0,0,1,0,1,0,1,0,1,0,1,0,0
Haworthia,0.0,1.0,1.0,1,0,1,0,0,0,1,1,0,0,0,1,1,0
Haworthia,1.0,1.0,1.0,1,0,0,1,0,1,0,1,0,0,0,1,1,0
Haworthia,0.0,1.0,1.0,0,1,0,0,0,1,0,1,0,0,0,1,1,0
Haworthia,0.0,0.0,1.0,1,1,0,0,0,1,0,1,0,0,0,1,1,0
Haworthia,0.0,1.0,2.0,0,0,1,0,0,0,1,1,0,0,0,1,1,0
Haworthia,0.0,1.0,2.0,1,0,0,1,0,0,1,1,0,0,0,1,1,0
Haworthia,0.0,1.0,1.0,0,0,0,1,0,1,0,1,0,0,0,1,1,0
Haworthia,0.0,1.0,3.0,1,1,0,0,0,0,1,1,0,0,0,1,1,0
Haworthia,0.0,0.0,2.0,1,1,0,0,0,1,0,1,0,0,0,1,1,0
Haworthia,1.0,1.0,1.0,1,0,1,0,0,1,0,1,0,0,0,1,1,0
Haworthia,1.0,1.0,1.0,0,1,0,0,0,1,0,1,0,0,0,1,1,0
Haworthia,1.0,1.0,1.0,1,0,0,1,0,0,1,1,0,0,0,1,1,0
Haworthia,0.0,0.0,1.0,1,0,0,1,0,1,0,1,0,0,0,1,1,0
Haworthia,1.0,1.0,2.0,1,0,1,0,0,1,0,1,0,0,0,1,1,0
Haworthia,1.0,1.0,2.0,1,1,0,0,0,0,1,1,0,0,0,1,1,0
Haworthia,1.0,1.0,1.0,1,0,0,1,0,0,1,1,0,0,0,1,1,0
Haworthia,1.0,1.0,1.0,0,0,1,0,0,1,0,1,0,0,0,1,1,0
Haworthia,0.0,1.0,2.0,1,1,0,0,0,0,1,1,0,0,0,1,1,0
Haworthia,1.0,2.0,1.0,0,0,0,1,0,1,0,1,0,0,0,1,1,0
Haworthia,1.0,1.0,2.0,1,0,0,1,0,1,0,1,0,0,0,1,1,0
Haworthia,0.0,1.0,1.0,1,1,0,0,0,0,1,1,0,0,0,1,1,0
Haworthia,1.0,1.0,2.0,1,1,0,0,0,1,0,1,0,0,0,1,1,0
Haworthia,1.0,1.0,1.0,1,0,1,0,1,0,0,1,0,0,0,1,1,0
Haworthia,1.0,2.0,1.0,0,1,0,0,0,0,1,1,0,0,0,1,1,0
Haworthia,0.0,1.0,2.0,1,0,1,0,0,0,1,1,0,0,0,1,1,0
Haworthia,1.0,1.0,1.0,1,0,0,1,0,1,0,1,0,0,0,1,1,0
Haworthia,0.0,1.0,1.0,0,1,0,0,0,1,0,1,0,0,0,1,1,0
Haworthia,1.0,1.0,2.0,0,0,1,0,0,0,1,1,0,0,0,1,1,0
Haworthia,0.0,0.0,1.0,1,0,0,1,0,1,0,1,0,0,0,1,1,0
Haworthia,0.0,0.0,1.0,1,0,0,1,0,1,0,1,0,0,0,1,1,0
Haworthia,1.0,2.0,2.0,1,0,0,1,0,0,1,1,0,0,0,1,1,0
Haworthia,1.0,0.0,0.0,1,0,1,0,0,1,0,1,0,0,0,1,1,0
Haworthia,1.0,1.0,2.0,1,0,0,1,1,0,0,1,0,0,0,1,1,0
Haworthia,0.0,1.0,1.0,0,1,0,0,1,0,0,1,0,0,0,1,1,0
Haworthia,1.0,1.0,1.0,1,0,1,0,0,1,0,1,0,0,0,1,1,0
Haworthia,0.0,1.0,1.0,1,0,0,1,0,1,0,1,0,0,0,1,1,0
Haworthia,1.0,2.0,2.0,1,1,0,0,1,0,0,1,0,0,0,1,1,0
Haworthia,1.0,1.0,2.0,1,1,0,0,1,0,0,1,0,0,0,1,1,0
Haworthia,0.0,1.0,2.0,1,0,1,0,0,1,0,1,0,0,0,1,1,0
Haworthia,1.0,1.0,2.0,1,0,0,1,0,1,0,1,0,0,0,1,1,0
Haworthia,1.0,2.0,2.0,1,0,0,1,0,1,0,1,0,0,0,1,1,0
Haworthia,0.0,1.0,1.0,1,0,0,1,0,1,0,1,0,0,0,1,1,0
Haworthia,1.0,1.0,1.0,1,1,0,0,0,1,0,1,0,0,0,1,1,0
Haworthia,0.0,2.0,3.0,0,0,0,1,0,0,1,1,0,0,0,1,1,0
Haworthia,0.0,1.0,1.0,1,1,0,0,0,0,1,1,0,0,0,1,1,0
Haworthia,0.0,2.0,2.0,1,1,0,0,1,0,0,1,0,0,0,1,1,0
Haworthia,1.0,1.0,2.0,1,1,0,0,0,1,0,1,0,0,0,1,1,0
Haworthia,0.0,3.0,2.0,1,0,0,1,0,0,1,1,0,0,0,1,1,0
Haworthia,1.0,2.0,1.0,1,0,0,1,0,1,0,1,0,0,0,1,1,0
Haworthia,1.0,3.0,1.0,1,0,0,1,0,1,0,1,0,0,0,1,1,0
Haworthia,1.0,2.0,2.0,1,0,1,0,0,1,0,1,0,0,0,1,1,0
Haworthia,1.0,1.0,2.0,0,0,0,1,0,1,0,1,0,0,0,1,1,0
Haworthia,0.0,2.0,3.0,1,0,1,0,1,0,0,1,0,0,0,1,1,0
Haworthia,1.0,2.0,3.0,1,1,0,0,0,1,0,1,0,0,0,1,1,0
Aeonium,0.0,1.0,1.0,1,0,1,0,0,0,1,1,1,1,1,1,1,1
Aeonium,1.0,1.0,2.0,1,0,0,1,0,0,1,1,1,1,1,1,1,1
Aeonium,0.0,0.0,1.0,1,1,0,0,0,1,0,1,1,1,1,1,1,1
Aeonium,0.0,1.0,2.0,0,0,1,0,0,0,1,1,1,1,1,1,1,1
Aeonium,0.0,1.0,1.0,0,0,0,1,0,1,0,1,1,1,1,1,1,1
Aeonium,0.0,1.0,3.0,1,1,0,0,0,0,1,1,1,1,1,1,1,1
Aeonium,0.0,0.0,2.0,1,1,0,0,0,1,0,1,1,1,1,1,1,1
Aeonium,0.0,1.0,2.0,1,0,1,0,0,0,1,1,1,1,1,1,1,1
Aeonium,0.0,1.0,2.0,0,1,0,0,0,1,0,1,1,1,1,1,1,1
Aeonium,0.0,2.0,2.0,1,0,0,1,1,0,0,1,1,1,1,1,1,1
Aeonium,0.0,1.0,1.0,1,1,0,0,0,1,0,1,1,1,1,1,1,1
Aeonium,1.0,1.0,2.0,1,0,0,1,0,0,1,1,1,1,1,1,1,1
Aeonium,0.0,1.0,2.0,1,1,0,0,0,0,1,1,1,1,1,1,1,1
Aeonium,1.0,1.0,1.0,0,1,0,0,1,0,0,1,1,1,1,1,1,1
Aeonium,1.0,1.0,1.0,1,0,0,1,1,0,0,1,1,1,1,1,1,1
Aeonium,0.0,2.0,2.0,0,1,0,0,0,1,0,1,1,1,1,1,1,1
Aeonium,0.0,1.0,1.0,1,1,0,0,0,1,0,1,1,1,1,1,1,1
Aeonium,1.0,1.0,2.0,1,0,0,1,0,1,0,1,1,1,1,1,1,1
Aeonium,1.0,0.0,2.0,1,0,0,1,0,0,1,1,1,1,1,1,1,1
Aeonium,0.0,1.0,1.0,1,1,0,0,0,0,1,1,1,1,1,1,1,1
Aeonium,1.0,1.0,2.0,1,0,0,1,0,0,1,1,1,1,1,1,1,1
Aeonium,1.0,2.0,1.0,0,1,0,0,0,0,1,1,1,1,1,1,1,1
Aeonium,1.0,1.0,2.0,0,0,1,0,0,0,1,1,1,1,1,1,1,1
Aeonium,1.0,1.0,2.0,1,0,0,1,0,0,1,1,1,1,1,1,1,1
Aeonium,1.0,0.0,1.0,1,0,1,0,1,0,0,1,1,1,1,1,1,1
Aeonium,1.0,0.0,0.0,0,0,0,1,1,0,0,1,1,1,1,1,1,1
Aeonium,1.0,1.0,2.0,1,0,0,1,0,1,0,1,1,1,1,1,1,1
Aeonium,1.0,1.0,3.0,1,0,0,1,1,0,0,1,1,1,1,1,1,1
Aeonium,1.0,2.0,2.0,1,0,0,1,0,0,1,1,1,1,1,1,1,1
Aeonium,0.0,1.0,1.0,1,0,0,1,0,1,0,1,1,1,1,1,1,1
Aeonium,1.0,1.0,2.0,1,0,0,1,1,0,0,1,1,1,1,1,1,1
Aeonium,0.0,1.0,1.0,0,1,0,0,1,0,0,1,1,1,1,1,1,1
Aeonium,0.0,1.0,1.0,1,0,0,1,0,1,0,1,1,1,1,1,1,1
Aeonium,1.0,1.0,0.0,1,0,0,1,0,1,0,1,1,1,1,1,1,1
Aeonium,0.0,1.0,2.0,1,1,0,0,0,0,1,1,1,1,1,1,1,1
Aeonium,1.0,2.0,2.0,1,0,1,0,0,1,0,1,1,1,1,1,1,1
Aeonium,1.0,1.0,2.0,1,0,0,1,0,1,0,1,1,1,1,1,1,1
Aeonium,1.0,3.0,1.0,1,0,1,0,0,0,1,1,1,1,1,1,1,1
Aeonium,0.0,1.0,1.0,1,0,1,0,0,1,0,1,1,1,1,1,1,1
Aeonium,1.0,1.0,2.0,1,0,0,1,0,1,0,1,1,1,1,1,1,1
Aeonium,1.0,2.0,2.0,1,0,0,1,0,1,0,1,1,1,1,1,1,1
Aeonium,0.0,2.0,2.0,1,1,0,0,0,1,0,1,1,1,1,1,1,1
Aeonium,0.0,1.0,1.0,1,1,0,0,0,0,1,1,1,1,1,1,1,1
Aeonium,1.0,2.0,1.0,1,0,0,1,0,1,0,1,1,1,1,1,1,1
Aeonium,0.0,1.0,2.0,1,0,1,0,0,0,1,1,1,1,1,1,1,1
Aeonium,0.0,1.0,2.0,0,0,0,1,1,0,0,1,1,1,1,1,1,1
Aeonium,0.0,3.0,2.0,1,1,0,0,0,0,1,1,1,1,1,1,1,1
Aeonium,1.0,3.0,1.0,1,0,0,1,1,0,0,1,1,1,1,1,1,1
Aeonium,1.0,3.0,2.0,1,0,0,1,0,0,1,1,1,1,1,1,1,1
Aeonium,1.0,2.0,3.0,1,1,0,0,0,1,0,1,1,1,1,1,1,1
Lavanda,0.0,1.0,1.0,1,0,1,0,0,0,1,2,1,1,1,1,0,1
Lavanda,1.0,2.0,2.0,1,1,0,0,0,0,1,2,1,1,1,1,0,1
Lavanda,0.0,1.0,2.0,1,0,0,1,0,0,1,2,1,1,1,1,0,1
Lavanda,1.0,1.0,2.0,1,0,0,1,1,0,0,2,1,1,1,1,0,1
Lavanda,1.0,1.0,1.0,1,0,0,1,0,1,0,2,1,1,1,1,0,1
Lavanda,0.0,1.0,2.0,1,0,0,1,1,0,0,2,1,1,1,1,0,1
Lavanda,1.0,1.0,2.0,1,0,0,1,0,0,1,2,1,1,1,1,0,1
Lavanda,1.0,2.0,2.0,1,1,0,0,0,0,1,2,1,1,1,1,0,1
Lavanda,0.0,1.0,1.0,1,0,0,1,0,1,0,2,1,1,1,1,0,1
Lavanda,1.0,2.0,2.0,0,1,0,0,0,0,1,2,1,1,1,1,0,1
Lavanda,1.0,1.0,2.0,0,0,1,0,1,0,0,2,1,1,1,1,0,1
Lavanda,0.0,1.0,2.0,1,1,0,0,0,1,0,2,1,1,1,1,0,1
Lavanda,0.0,1.0,1.0,0,0,0,1,0,1,0,2,1,1,1,1,0,1
Lavanda,1.0,1.0,1.0,0,1,0,0,0,0,1,2,1,1,1,1,0,1
Lavanda,0.0,0.0,2.0,1,1,0,0,0,1,0,2,1,1,1,1,0,1
Lavanda,1.0,1.0,1.0,1,1,0,0,0,1,0,2,1,1,1,1,0,1
Lavanda,0.0,1.0,1.0,1,0,1,0,0,1,0,2,1,1,1,1,0,1
Lavanda,1.0,1.0,2.0,1,0,1,0,0,0,1,2,1,1,1,1,0,1
Lavanda,1.0,1.0,2.0,1,0,1,0,0,0,1,2,1,1,1,1,0,1
Lavanda,1.0,2.0,3.0,1,1,0,0,0,1,0,2,1,1,1,1,0,1
Lavanda,1.0,3.0,2.0,1,0,1,0,1,0,0,2,1,1,1,1,0,1
Lavanda,0.0,0.0,1.0,1,1,0,0,0,1,0,2,1,1,1,1,0,1
Lavanda,0.0,1.0,2.0,1,0,1,0,0,0,1,2,1,1,1,1,0,1
Lavanda,1.0,1.0,1.0,1,0,1,0,1,0,0,2,1,1,1,1,0,1
Lavanda,1.0,1.0,1.0,1,0,1,0,0,1,0,2,1,1,1,1,0,1
Lavanda,1.0,1.0,1.0,1,0,0,1,0,0,1,2,1,1,1,1,0,1
Lavanda,1.0,1.0,2.0,1,0,0,1,0,1,0,2,1,1,1,1,0,1
Lavanda,0.0,1.0,2.0,1,1,0,0,0,1,0,2,1,1,1,1,0,1
Lavanda,1.0,1.0,1.0,1,1,0,0,0,1,0,2,1,1,1,1,0,1
Lavanda,1.0,1.0,2.0,1,0,0,1,0,0,1,2,1,1,1,1,0,1
Lavanda,1.0,1.0,2.0,1,0,0,1,0,0,1,2,1,1,1,1,0,1
Lavanda,0.0,1.0,2.0,1,1,0,0,0,0,1,2,1,1,1,1,0,1
Lavanda,1.0,1.0,1.0,1,0,0,1,1,0,0,2,1,1,1,1,0,1
Lavanda,1.0,1.0,0.0,1,0,0,1,1,0,0,2,1,1,1,1,0,1
Lavanda,1.0,0.0,1.0,1,0,1,0,0,0,1,2,1,1,1,1,0,1
Lavanda,0.0,2.0,2.0,0,1,0,0,0,1,0,2,1,1,1,1,0,1
Lavanda,1.0,0.0,0.0,1,0,1,0,0,1,0,2,1,1,1,1,0,1
Lavanda,1.0,2.0,1.0,0,0,0,1,0,1,0,2,1,1,1,1,0,1
Lavanda,1.0,1.0,1.0,1,1,0,0,0,1,0,2,1,1,1,1,0,1
Lavanda,0.0,1.0,1.0,1,1,0,0,0,1,0,2,1,1,1,1,0,1
Lavanda,1.0,0.0,2.0,1,0,0,1,0,0,1,2,1,1,1,1,0,1
Lavanda,0.0,1.0,1.0,1,1,0,0,0,0,1,2,1,1,1,1,0,1
Lavanda,1.0,1.0,1.0,1,0,1,0,0,1,0,2,1,1,1,1,0,1
Lavanda,0.0,1.0,1.0,1,0,1,0,0,1,0,2,1,1,1,1,0,1
Lavanda,1.0,1.0,2.0,1,0,0,1,0,1,0,2,1,1,1,1,0,1
Lavanda,1.0,3.0,3.0,1,0,1,0,0,1,0,2,1,1,1,1,0,1
Lavanda,1.0,1.0,1.0,1,0,0,1,0,0,1,2,1,1,1,1,0,1
Lavanda,1.0,1.0,1.0,1,0,1,0,1,0,0,2,1,1,1,1,0,1
Lavanda,1.0,1.0,2.0,1,0,0,1,0,0,1,2,1,1,1,1,0,1
Lavanda,1.0,0.0,2.0,1,0,0,1,0,1,0,2,1,1,1,1,0,1
Lavanda,0.0,2.0,2.0,1,1,0,0,0,1,0,2,1,1,1,1,0,1
Lavanda,0.0,1.0,2.0,1,0,0,1,0,0,1,2,1,1,1,1,0,1
Lavanda,1.0,1.0,2.0,1,0,0,1,0,1,0,2,1,1,1,1,0,1
Lavanda,1.0,1.0,2.0,1,0,0,1,0,1,0,2,1,1,1,1,0,1
Lavanda,1.0,3.0,1.0,1,1,0,0,0,1,0,2,1,1,1,1,0,1
Lavanda,0.0,0.0,1.0,1,0,0,1,0,1,0,2,1,1,1,1,0,1
Lavanda,1.0,1.0,2.0,1,0,0,1,0,0,1,2,1,1,1,1,0,1
Lavanda,0.0,3.0,1.0,0,0,1,0,0,1,0,2,1,1,1,1,0,1
Lavanda,1.0,0.0,1.0,1,0,1,0,1,0,0,2,1,1,1,1,0,1
Lavanda,1.0,1.0,1.0,1,0,0,1,0,1,0,2,1,1,1,1,0,1
Lavanda,1.0,1.0,2.0,1,0,1,0,0,1,0,2,1,1,1,1,0,1
Lavanda,0.0,2.0,1.0,1,1,0,0,1,0,0,2,1,1,1,1,0,1
Lavanda,1.0,0.0,1.0,1,1,0,0,0,1,0,2,1,1,1,1,0,1
Lavanda,1.0,1.0,2.0,1,0,0,1,0,1,0,2,1,1,1,1,0,1
Lavanda,0.0,1.0,2.0,1,0,0,1,0,1,0,2,1,1,1,1,0,1
Lavanda,1.0,2.0,2.0,1,0,0,1,0,0,1,2,1,1,1,1,0,1
Lavanda,0.0,1.0,2.0,1,1,0,0,0,1,0,2,1,1,1,1,0,1
Lavanda,0.0,1.0,1.0,1,1,0,0,0,1,0,2,1,1,1,1,0,1
Lavanda,1.0,2.0,1.0,1,0,0,1,0,1,0,2,1,1,1,1,0,1
Lavanda,0.0,1.0,1.0,1,1,0,0,0,0,1,2,1,1,1,1,0,1
Lavanda,0.0,1.0,1.0,1,0,0,1,0,1,0,2,1,1,1,1,0,1
Lavanda,0.0,0.0,3.0,1,1,0,0,0,0,1,2,1,1,1,1,0,1
Lavanda,0.0,1.0,1.0,0,1,0,0,1,0,0,2,1,1,1,1,0,1
Lavanda,1.0,0.0,0.0,1,1,0,0,0,1,0,2,1,1,1,1,0,1
Lavanda,0.0,2.0,1.0,1,1,0,0,0,1,0,2,1,1,1,1,0,1
Lavanda,0.0,1.0,2.0,1,0,0,1,0,0,1,2,1,1,1,1,0,1
Lavanda,1.0,1.0,2.0,1,0,0,1,0,1,0,2,1,1,1,1,0,1
Lavanda,0.0,0.0,0.0,1,1,0,0,0,0,1,2,1,1,1,1,0,1
Lavanda,1.0,2.0,2.0,1,1,0,0,1,0,0,2,1,1,1,1,0,1
Lavanda,1.0,1.0,2.0,1,0,0,1,0,1,0,2,1,1,1,1,0,1
Lavanda,0.0,3.0,2.0,1,1,0,0,1,0,0,2,1,1,1,1,0,1
Lavanda,1.0,1.0,2.0,1,0,0,1,0,1,0,2,1,1,1,1,0,1
Lavanda,1.0,1.0,2.0,1,1,0,0,0,0,1,2,1,1,1,1,0,1
Lavanda,1.0,1.0,0.0,1,0,0,1,0,1,0,2,1,1,1,1,0,1
Lavanda,1.0,1.0,2.0,1,0,1,0,1,0,0,2,1,1,1,1,0,1
Lavanda,0.0,1.0,2.0,1,1,0,0,0,0,1,2,1,1,1,1,0,1
Lavanda,1.0,0.0,1.0,1,1,0,0,1,0,0,2,1,1,1,1,0,1
Lavanda,0.0,2.0,2.0,1,0,0,1,0,0,1,2,1,1,1,1,0,1
Lavanda,1.0,1.0,0.0,1,0,0,1,0,1,0,2,1,1,1,1,0,1
Lavanda,1.0,1.0,1.0,1,0,0,1,0,0,1,2,1,1,1,1,0,1
Lavanda,1.0,1.0,1.0,1,1,0,0,0,1,0,2,1,1,1,1,0,1
Lavanda,1.0,1.0,0.0,1,1,0,0,0,1,0,2,1,1,1,1,0,1
Lavanda,1.0,1.0,1.0,1,0,0,1,0,1,0,2,1,1,1,1,0,1
Lavanda,1.0,1.0,1.0,1,0,0,1,1,0,0,2,1,1,1,1,0,1
Lavanda,1.0,0.0,1.0,1,0,0,1,0,1,0,2,1,1,1,1,0,1
Lavanda,0.0,1.0,1.0,1,1,0,0,0,0,1,2,1,1,1,1,0,1
Lavanda,0.0,1.0,2.0,1,0,0,1,1,0,0,2,1,1,1,1,0,1
Lavanda,1.0,2.0,2.0,1,0,0,1,0,1,0,2,1,1,1,1,0,1
Lavanda,0.0,1.0,2.0,1,0,1,0,0,1,0,2,1,1,1,1,0,1
Lavanda,0.0,2.0,2.0,1,1,0,0,0,1,0,2,1,1,1,1,0,1
Lavanda,1.0,2.0,1.0,1,0,0,1,1,0,0,2,1,1,1,1,0,1
Lavanda,0.0,1.0,1.0,1,1,0,0,0,0,1,2,1,1,1,1,0,1
Lavanda,0.0,3.0,2.0,1,0,0,1,0,0,1,2,1,1,1,1,0,1
Lavanda,0.0,3.0,2.0,1,0,0,1,0,0,1,2,1,1,1,1,0,1
Lavanda,1.0,0.0,1.0,1,0,1,0,0,1,0,2,1,1,1,1,0,1
Lavanda,1.0,3.0,1.0,1,0,1,0,0,1,0,2,1,1,1,1,0,1
Lavanda,1.0,2.0,1.0,1,0,0,1,0,1,0,2,1,1,1,1,0,1
Lavanda,0.0,1.0,2.0,1,0,1,0,0,1,0,2,1,1,1,1,0,1
Lavanda,1.0,1.0,1.0,1,0,0,1,1,0,0,2,1,1,1,1,0,1
Lavanda,1.0,2.0,2.0,1,0,1,0,0,1,0,2,1,1,1,1,0,1
Lavanda,1.0,2.0,2.0,1,0,0,1,0,1,0,2,1,1,1,1,0,1
Lavanda,1.0,3.0,1.0,1,0,0,1,1,0,0,2,1,1,1,1,0,1
Lavanda,0.0,1.0,2.0,1,0,0,1,1,0,0,2,1,1,1,1,0,1
Lavanda,0.0,1.0,1.0,1,0,0,1,1,0,0,2,1,1,1,1,0,1
Lavanda,1.0,1.0,0.0,1,0,1,0,0,0,1,2,1,1,1,1,0,1
Lavanda,1.0,3.0,3.0,1,0,0,1,0,1,0,2,1,1,1,1,0,1
Lavanda,0.0,2.0,2.0,1,0,0,1,1,0,0,2,1,1,1,1,0,1
Lavanda,1.0,3.0,2.0,1,0,0,1,0,0,1,2,1,1,1,1,0,1
Lavanda,0.0,3.0,1.0,0,0,1,0,0,1,0,2,1,1,1,1,0,1
Lavanda,1.0,3.0,3.0,1,1,0,0,1,0,0,2,1,1,1,1,0,1
Geranio,0.0,1.0,1.0,1,0,1,0,0,0,1,1,1,1,2,1,0,1
Geranio,1.0,1.0,2.0,1,0,1,0,1,0,0,1,1,1,2,1,0,1
Geranio,1.0,2.0,2.0,1,1,0,0,0,0,1,1,1,1,2,1,0,1
Geranio,0.0,1.0,2.0,1,0,0,1,1,0,0,1,1,1,2,1,0,1
Geranio,1.0,1.0,1.0,1,0,0,1,0,1,0,1,1,1,2,1,0,1
Geranio,0.0,1.0,1.0,1,0,0,1,0,1,0,1,1,1,2,1,0,1
Geranio,1.0,2.0,2.0,0,1,0,0,0,0,1,1,1,1,2,1,0,1
Geranio,0.0,0.0,2.0,1,0,0,1,0,1,0,1,1,1,2,1,0,1
Geranio,0.0,1.0,1.0,0,0,0,1,0,1,0,1,1,1,2,1,0,1
Geranio,1.0,1.0,2.0,1,0,0,1,1,0,0,1,1,1,2,1,0,1
Geranio,1.0,1.0,1.0,0,1,0,0,0,0,1,1,1,1,2,1,0,1
Geranio,0.0,1.0,1.0,1,0,0,1,1,0,0,1,1,1,2,1,0,1
Geranio,0.0,1.0,1.0,1,0,1,0,0,0,1,1,1,1,2,1,0,1
Geranio,0.0,1.0,1.0,1,1,0,0,0,1,0,1,1,1,2,1,0,1
Geranio,0.0,0.0,2.0,1,1,0,0,0,1,0,1,1,1,2,1,0,1
Geranio,1.0,1.0,1.0,1,0,0,1,0,1,0,1,1,1,2,1,0,1
Geranio,1.0,1.0,2.0,1,0,0,1,0,1,0,1,1,1,2,1,0,1
Geranio,0.0,0.0,1.0,1,1,0,0,0,1,0,1,1,1,2,1,0,1
Geranio,1.0,1.0,1.0,1,0,1,0,0,1,0,1,1,1,2,1,0,1
Geranio,1.0,1.0,2.0,1,0,0,1,0,1,0,1,1,1,2,1,0,1
Geranio,0.0,2.0,2.0,1,0,0,1,1,0,0,1,1,1,2,1,0,1
Geranio,0.0,1.0,1.0,1,1,0,0,0,1,0,1,1,1,2,1,0,1
Geranio,1.0,1.0,1.0,1,1,0,0,0,1,0,1,1,1,2,1,0,1
Geranio,0.0,1.0,2.0,1,1,0,0,0,1,0,1,1,1,2,1,0,1
Geranio,1.0,1.0,2.0,1,0,0,1,0,0,1,1,1,1,2,1,0,1
Geranio,0.0,0.0,0.0,0,1,0,0,0,0,1,1,1,1,2,1,0,1
Geranio,0.0,1.0,2.0,1,1,0,0,0,0,1,1,1,1,2,1,0,1
Geranio,1.0,1.0,1.0,1,0,0,1,1,0,0,1,1,1,2,1,0,1
Geranio,0.0,2.0,2.0,0,1,0,0,0,1,0,1,1,1,2,1,0,1
Geranio,1.0,1.0,2.0,1,1,0,0,0,0,1,1,1,1,2,1,0,1
Geranio,1.0,1.0,2.0,1,0,0,1,0,1,0,1,1,1,2,1,0,1
Geranio,0.0,1.0,1.0,1,1,0,0,0,0,1,1,1,1,2,1,0,1
Geranio,0.0,0.0,0.0,0,0,1,0,0,1,0,1,1,1,2,1,0,1
Geranio,1.0,1.0,2.0,1,0,0,1,0,1,0,1,1,1,2,1,0,1
Geranio,1.0,1.0,3.0,1,0,0,1,0,1,0,1,1,1,2,1,0,1
Geranio,1.0,1.0,1.0,1,0,0,1,0,0,1,1,1,1,2,1,0,1
Geranio,1.0,1.0,1.0,1,0,1,0,1,0,0,1,1,1,2,1,0,1
Geranio,1.0,1.0,2.0,1,0,0,1,0,0,1,1,1,1,2,1,0,1
Geranio,0.0,2.0,2.0,1,1,0,0,0,1,0,1,1,1,2,1,0,1
Geranio,0.0,1.0,2.0,1,0,0,1,0,0,1,1,1,1,2,1,0,1
Geranio,1.0,1.0,2.0,1,0,0,1,0,1,0,1,1,1,2,1,0,1
Geranio,1.0,3.0,1.0,1,1,0,0,0,1,0,1,1,1,2,1,0,1
Geranio,1.0,1.0,2.0,0,0,1,0,0,0,1,1,1,1,2,1,0,1
Geranio,0.0,0.0,1.0,1,0,0,1,0,1,0,1,1,1,2,1,0,1
Geranio,1.0,1.0,2.0,1,0,0,1,0,0,1,1,1,1,2,1,0,1
Geranio,1.0,0.0,1.0,1,0,1,0,1,0,0,1,1,1,2,1,0,1
Geranio,0.0,1.0,1.0,1,0,1,0,0,0,1,1,1,1,2,1,0,1
Geranio,1.0,0.0,0.0,0,0,0,1,1,0,0,1,1,1,2,1,0,1
Geranio,1.0,1.0,2.0,1,0,0,1,0,1,0,1,1,1,2,1,0,1
Geranio,1.0,1.0,0.0,1,0,0,1,0,1,0,1,1,1,2,1,0,1
Geranio,1.0,2.0,2.0,1,0,0,1,0,0,1,1,1,1,2,1,0,1
Geranio,0.0,1.0,2.0,1,1,0,0,0,1,0,1,1,1,2,1,0,1
Geranio,0.0,1.0,1.0,1,0,0,1,0,1,0,1,1,1,2,1,0,1
Geranio,0.0,0.0,3.0,1,1,0,0,0,0,1,1,1,1,2,1,0,1
Geranio,1.0,0.0,0.0,1,0,1,0,0,1,0,1,1,1,2,1,0,1
Geranio,0.0,1.0,1.0,0,1,0,0,1,0,0,1,1,1,2,1,0,1
Geranio,1.0,0.0,1.0,1,1,0,0,0,1,0,1,1,1,2,1,0,1
Geranio,0.0,1.0,1.0,1,1,0,0,0,1,0,1,1,1,2,1,0,1
Geranio,0.0,2.0,1.0,1,1,0,0,0,1,0,1,1,1,2,1,0,1
Geranio,0.0,1.0,2.0,1,0,0,1,0,0,1,1,1,1,2,1,0,1
Geranio,0.0,0.0,0.0,1,1,0,0,0,0,1,1,1,1,2,1,0,1
Geranio,1.0,1.0,2.0,1,0,0,1,0,1,0,1,1,1,2,1,0,1
Geranio,1.0,1.0,2.0,1,1,0,0,0,0,1,1,1,1,2,1,0,1
Geranio,1.0,1.0,2.0,1,0,1,0,1,0,0,1,1,1,2,1,0,1
Geranio,0.0,1.0,2.0,1,1,0,0,0,0,1,1,1,1,2,1,0,1
Geranio,0.0,1.0,2.0,1,0,1,0,0,1,0,1,1,1,2,1,0,1
Geranio,0.0,2.0,2.0,1,0,0,1,0,0,1,1,1,1,2,1,0,1
Geranio,1.0,1.0,0.0,1,0,0,1,0,1,0,1,1,1,2,1,0,1
Geranio,1.0,1.0,3.0,1,0,0,1,0,1,0,1,1,1,2,1,0,1
Geranio,1.0,1.0,1.0,1,0,0,1,1,0,0,1,1,1,2,1,0,1
Geranio,1.0,0.0,1.0,1,0,0,1,0,1,0,1,1,1,2,1,0,1
Geranio,1.0,2.0,2.0,1,0,0,1,0,1,0,1,1,1,2,1,0,1
Geranio,0.0,2.0,2.0,1,1,0,0,0,1,0,1,1,1,2,1,0,1
Geranio,0.0,2.0,2.0,1,0,1,0,0,1,0,1,1,1,2,1,0,1
Geranio,0.0,1.0,1.0,1,1,0,0,0,0,1,1,1,1,2,1,0,1
Geranio,0.0,3.0,2.0,1,0,0,1,0,0,1,1,1,1,2,1,0,1
Geranio,1.0,3.0,1.0,1,0,1,0,0,1,0,1,1,1,2,1,0,1
Geranio,1.0,2.0,1.0,1,0,0,1,0,1,0,1,1,1,2,1,0,1
Geranio,0.0,3.0,2.0,1,1,0,0,0,0,1,1,1,1,2,1,0,1
Geranio,1.0,2.0,2.0,1,0,0,1,0,1,0,1,1,1,2,1,0,1
Geranio,0.0,1.0,1.0,1,0,0,1,1,0,0,1,1,1,2,1,0,1
Geranio,1.0,1.0,0.0,1,0,1,0,0,0,1,1,1,1,2,1,0,1
Geranio,0.0,2.0,2.0,1,0,0,1,1,0,0,1,1,1,2,1,0,1
Geranio,0.0,1.0,0.0,1,0,1,0,1,0,0,1,1,1,2,1,0,1
Geranio,0.0,2.0,3.0,1,0,1,0,1,0,0,1,1,1,2,1,0,1
Geranio,1.0,3.0,2.0,1,0,0,1,0,0,1,1,1,1,2,1,0,1
Geranio,1.0,2.0,2.0,0,1,0,0,0,1,0,1,1,1,2,1,0,1
Geranio,1.0,3.0,3.0,1,1,0,0,1,0,0,1,1,1,2,1,0,1
Caléndula,0.0,1.0,1.0,1,0,1,0,0,0,1,1,1,1,2,1,1,1
Caléndula,1.0,1.0,2.0,1,0,1,0,1,0,0,1,1,1,2,1,1,1
Caléndula,1.0,2.0,2.0,1,1,0,0,0,0,1,1,1,1,2,1,1,1
Caléndula,0.0,1.0,2.0,1,0,0,1,1,0,0,1,1,1,2,1,1,1
Caléndula,1.0,1.0,2.0,1,0,0,1,0,0,1,1,1,1,2,1,1,1
Caléndula,0.0,1.0,1.0,1,0,0,1,0,1,0,1,1,1,2,1,1,1
Caléndula,0.0,0.0,2.0,1,0,0,1,0,1,0,1,1,1,2,1,1,1
Caléndula,0.0,1.0,1.0,0,0,0,1,0,1,0,1,1,1,2,1,1,1
Caléndula,0.0,1.0,1.0,1,0,1,0,0,0,1,1,1,1,2,1,1,1
Caléndula,0.0,0.0,2.0,1,1,0,0,0,1,0,1,1,1,2,1,1,1
Caléndula,1.0,1.0,2.0,1,0,0,1,0,1,0,1,1,1,2,1,1,1
Caléndula,0.0,1.0,2.0,1,0,0,1,1,0,0,1,1,1,2,1,1,1
Caléndula,1.0,3.0,2.0,1,0,1,0,1,0,0,1,1,1,2,1,1,1
Caléndula,1.0,1.0,2.0,1,0,1,0,1,0,0,1,1,1,2,1,1,1
Caléndula,1.0,0.0,0.0,1,0,1,0,0,0,1,1,1,1,2,1,1,1
Caléndula,0.0,1.0,2.0,1,0,1,0,0,0,1,1,1,1,2,1,1,1
Caléndula,0.0,1.0,2.0,0,1,0,0,0,1,0,1,1,1,2,1,1,1
Caléndula,1.0,1.0,2.0,1,0,0,1,0,0,1,1,1,1,2,1,1,1
Caléndula,0.0,0.0,0.0,0,1,0,0,0,0,1,1,1,1,2,1,1,1
Caléndula,0.0,1.0,2.0,1,1,0,0,0,0,1,1,1,1,2,1,1,1
Caléndula,1.0,1.0,1.0,1,0,0,1,1,0,0,1,1,1,2,1,1,1
Caléndula,1.0,1.0,0.0,1,0,0,1,1,0,0,1,1,1,2,1,1,1
Caléndula,1.0,1.0,1.0,1,1,0,0,0,1,0,1,1,1,2,1,1,1
Caléndula,1.0,0.0,2.0,1,0,0,1,0,0,1,1,1,1,2,1,1,1
Caléndula,0.0,1.0,1.0,1,1,0,0,0,0,1,1,1,1,2,1,1,1
Caléndula,1.0,1.0,3.0,1,0,0,1,0,1,0,1,1,1,2,1,1,1
Caléndula,1.0,1.0,2.0,0,0,1,0,0,0,1,1,1,1,2,1,1,1
Caléndula,1.0,1.0,2.0,1,0,0,1,0,0,1,1,1,1,2,1,1,1
Caléndula,0.0,2.0,1.0,1,1,0,0,1,0,0,1,1,1,2,1,1,1
Caléndula,1.0,1.0,2.0,1,0,0,1,0,1,0,1,1,1,2,1,1,1
Caléndula,0.0,1.0,1.0,1,0,0,1,0,1,0,1,1,1,2,1,1,1
Caléndula,1.0,1.0,2.0,1,1,0,0,0,1,0,1,1,1,2,1,1,1
Caléndula,1.0,1.0,2.0,1,0,0,1,0,1,0,1,1,1,2,1,1,1
Caléndula,0.0,3.0,2.0,1,1,0,0,1,0,0,1,1,1,2,1,1,1
Caléndula,0.0,1.0,2.0,1,1,0,0,0,0,1,1,1,1,2,1,1,1
Caléndula,1.0,1.0,3.0,1,0,0,1,0,1,0,1,1,1,2,1,1,1
Caléndula,1.0,1.0,1.0,1,0,0,1,0,1,0,1,1,1,2,1,1,1
Caléndula,1.0,2.0,2.0,1,0,0,1,0,1,0,1,1,1,2,1,1,1
Caléndula,0.0,2.0,2.0,1,1,0,0,0,1,0,1,1,1,2,1,1,1
Caléndula,0.0,3.0,2.0,1,0,0,1,0,0,1,1,1,1,2,1,1,1
Caléndula,1.0,2.0,1.0,1,0,0,1,0,1,0,1,1,1,2,1,1,1
Caléndula,0.0,1.0,2.0,1,0,1,0,0,1,0,1,1,1,2,1,1,1
Caléndula,0.0,3.0,2.0,1,1,0,0,0,0,1,1,1,1,2,1,1,1
Caléndula,1.0,3.0,1.0,1,0,0,1,0,1,0,1,1,1,2,1,1,1
Caléndula,1.0,3.0,3.0,1,0,0,1,0,1,0,1,1,1,2,1,1,1
Helecho de Boston,0.0,0.0,0.0,1,0,0,1,0,1,0,1,0,1,3,0,0,1
Helecho de Boston,1.0,1.0,2.0,1,0,0,1,0,0,1,1,0,1,3,0,0,1
Helecho de Boston,0.0,1.0,1.0,1,0,0,1,0,1,0,1,0,1,3,0,0,1
Helecho de Boston,1.0,2.0,2.0,0,1,0,0,0,0,1,1,0,1,3,0,0,1
Helecho de Boston,1.0,1.0,2.0,1,0,0,1,0,1,0,1,0,1,3,0,0,1
Helecho de Boston,0.0,1.0,3.0,1,1,0,0,0,0,1,1,0,1,3,0,0,1
Helecho de Boston,0.0,1.0,1.0,1,1,0,0,0,1,0,1,0,1,3,0,0,1
Helecho de Boston,0.0,0.0,2.0,1,1,0,0,0,1,0,1,0,1,3,0,0,1
Helecho de Boston,1.0,1.0,1.0,1,1,0,0,0,1,0,1,0,1,3,0,0,1
Helecho de Boston,1.0,1.0,1.0,1,0,0,1,0,0,1,1,0,1,3,0,0,1
Helecho de Boston,1.0,2.0,3.0,1,1,0,0,0,1,0,1,0,1,3,0,0,1
Helecho de Boston,1.0,1.0,2.0,1,0,1,0,1,0,0,1,0,1,3,0,0,1
Helecho de Boston,1.0,1.0,2.0,1,0,0,1,0,1,0,1,0,1,3,0,0,1
Helecho de Boston,0.0,1.0,2.0,1,0,1,0,0,0,1,1,0,1,3,0,0,1
Helecho de Boston,0.0,1.0,2.0,1,0,0,1,1,0,0,1,0,1,3,0,0,1
Helecho de Boston,0.0,1.0,2.0,1,1,0,0,0,1,0,1,0,1,3,0,0,1
Helecho de Boston,0.0,2.0,2.0,1,0,1,0,0,1,0,1,0,1,3,0,0,1
Helecho de Boston,0.0,1.0,1.0,1,1,0,0,0,1,0,1,0,1,3,0,0,1
Helecho de Boston,1.0,1.0,1.0,1,1,0,0,1,0,0,1,0,1,3,0,0,1
Helecho de Boston,1.0,1.0,2.0,1,0,0,1,0,0,1,1,0,1,3,0,0,1
Helecho de Boston,1.0,1.0,2.0,1,0,0,1,0,0,1,1,0,1,3,0,0,1
Helecho de Boston,0.0,1.0,0.0,1,0,0,1,0,0,1,1,0,1,3,0,0,1
Helecho de Boston,0.0,1.0,2.0,1,1,0,0,0,0,1,1,0,1,3,0,0,1
Helecho de Boston,1.0,1.0,1.0,0,1,0,0,1,0,0,1,0,1,3,0,0,1
Helecho de Boston,0.0,0.0,2.0,1,0,1,0,0,1,0,1,0,1,3,0,0,1
Helecho de Boston,0.0,1.0,2.0,1,0,0,1,0,1,0,1,0,1,3,0,0,1
Helecho de Boston,1.0,0.0,1.0,1,0,1,0,0,0,1,1,0,1,3,0,0,1
Helecho de Boston,0.0,2.0,2.0,1,0,1,0,0,0,1,1,0,1,3,0,0,1
Helecho de Boston,1.0,0.0,2.0,1,0,0,1,0,0,1,1,0,1,3,0,0,1
Helecho de Boston,1.0,3.0,2.0,0,0,0,1,0,0,1,1,0,1,3,0,0,1
Helecho de Boston,0.0,1.0,2.0,1,0,1,0,0,1,0,1,0,1,3,0,0,1
Helecho de Boston,1.0,1.0,2.0,1,1,0,0,0,1,0,1,0,1,3,0,0,1
Helecho de Boston,1.0,1.0,2.0,1,0,0,1,0,1,0,1,0,1,3,0,0,1
Helecho de Boston,1.0,3.0,3.0,1,0,1,0,0,1,0,1,0,1,3,0,0,1
Helecho de Boston,1.0,1.0,1.0,1,0,0,1,0,0,1,1,0,1,3,0,0,1
Helecho de Boston,1.0,1.0,2.0,0,0,1,0,0,1,0,1,0,1,3,0,0,1
Helecho de Boston,1.0,1.0,2.0,1,0,0,1,0,0,1,1,0,1,3,0,0,1
Helecho de Boston,1.0,2.0,1.0,0,1,0,0,0,0,1,1,0,1,3,0,0,1
Helecho de Boston,0.0,1.0,2.0,1,0,0,1,0,0,1,1,0,1,3,0,0,1
Helecho de Boston,1.0,0.0,1.0,0,1,0,0,0,0,1,1,0,1,3,0,0,1
Helecho de Boston,0.0,0.0,1.0,1,0,0,1,0,1,0,1,0,1,3,0,0,1
Helecho de Boston,0.0,1.0,2.0,1,0,1,0,0,1,0,1,0,1,3,0,0,1
Helecho de Boston,1.0,1.0,2.0,0,0,0,1,0,1,0,1,0,1,3,0,0,1
Helecho de Boston,0.0,2.0,3.0,1,0,1,0,0,1,0,1,0,1,3,0,0,1
Helecho de Boston,1.0,1.0,1.0,1,0,0,1,0,1,0,1,0,1,3,0,0,1
Helecho de Boston,0.0,0.0,1.0,1,1,0,0,0,1,0,1,0,1,3,0,0,1
Helecho de Boston,0.0,1.0,2.0,1,0,0,1,0,1,0,1,0,1,3,0,0,1
Helecho de Boston,0.0,1.0,2.0,1,1,0,0,0,1,0,1,0,1,3,0,0,1
Helecho de Boston,1.0,2.0,1.0,1,0,0,1,0,1,0,1,0,1,3,0,0,1
Helecho de Boston,0.0,1.0,1.0,1,0,0,1,0,0,1,1,0,1,3,0,0,1
Helecho de Boston,1.0,1.0,2.0,1,0,0,1,1,0,0,1,0,1,3,0,0,1
Helecho de Boston,1.0,0.0,0.0,1,1,0,0,0,1,0,1,0,1,3,0,0,1
Helecho de Boston,1.0,1.0,2.0,1,1,0,0,0,1,0,1,0,1,3,0,0,1
Helecho de Boston,0.0,1.0,2.0,1,0,0,1,0,0,1,1,0,1,3,0,0,1
Helecho de Boston,0.0,3.0,2.0,1,1,0,0,1,0,0,1,0,1,3,0,0,1
Helecho de Boston,1.0,1.0,2.0,1,0,1,0,1,0,0,1,0,1,3,0,0,1
Helecho de Boston,1.0,1.0,2.0,1,0,0,1,0,1,0,1,0,1,3,0,0,1
Helecho de Boston,0.0,2.0,2.0,1,1,0,0,0,1,0,1,0,1,3,0,0,1
Helecho de Boston,1.0,1.0,1.0,1,1,0,0,0,1,0,1,0,1,3,0,0,1
Helecho de Boston,1.0,1.0,1.0,1,0,0,1,0,1,0,1,0,1,3,0,0,1
Helecho de Boston,1.0,1.0,1.0,1,0,0,1,1,0,0,1,0,1,3,0,0,1
Helecho de Boston,1.0,0.0,1.0,1,0,0,1,0,1,0,1,0,1,3,0,0,1
Helecho de Boston,0.0,1.0,2.0,1,0,0,1,0,1,0,1,0,1,3,0,0,1
Helecho de Boston,1.0,2.0,2.0,1,0,0,1,0,1,0,1,0,1,3,0,0,1
Helecho de Boston,0.0,1.0,2.0,1,0,1,0,0,1,0,1,0,1,3,0,0,1
Helecho de Boston,1.0,1.0,1.0,1,1,0,0,0,1,0,1,0,1,3,0,0,1
Helecho de Boston,1.0,1.0,3.0,0,0,1,0,0,1,0,1,0,1,3,0,0,1
Helecho de Boston,0.0,3.0,2.0,1,0,0,1,0,0,1,1,0,1,3,0,0,1
Helecho de Boston,0.0,3.0,3.0,1,0,1,0,0,0,1,1,0,1,3,0,0,1
Helecho de Boston,0.0,1.0,2.0,0,0,0,1,1,0,0,1,0,1,3,0,0,1
Helecho de Boston,1.0,3.0,1.0,1,0,0,1,0,1,0,1,0,1,3,0,0,1
Helecho de Boston,1.0,2.0,2.0,1,0,0,1,0,1,0,1,0,1,3,0,0,1
Helecho de Boston,1.0,3.0,1.0,1,0,0,1,1,0,0,1,0,1,3,0,0,1
Helecho de Boston,1.0,1.0,1.0,1,0,1,0,1,0,0,1,0,1,3,0,0,1
Helecho de Boston,0.0,1.0,2.0,1,0,0,1,1,0,0,1,0,1,3,0,0,1
Helecho de Boston,1.0,2.0,1.0,1,1,0,0,0,1,0,1,0,1,3,0,0,1
Helecho de Boston,0.0,2.0,3.0,1,0,1,0,1,0,0,1,0,1,3,0,0,1
Helecho de Boston,0.0,3.0,1.0,0,0,1,0,0,1,0,1,0,1,3,0,0,1
Helecho de Boston,1.0,2.0,2.0,0,1,0,0,0,1,0,1,0,1,3,0,0,1
Helecho de Boston,0.0,3.0,3.0,1,0,0,1,0,0,1,1,0,1,3,0,0,1
Helecho de Boston,0.0,3.0,3.0,1,0,0,1,0,1,0,1,0,1,3,0,0,1
Cactus de jade,0.0,0.0,0.0,1,0,0,1,0,1,0,1,0,1,0,1,1,0
Cactus de jade,0.0,1.0,2.0,1,0,0,1,0,0,1,1,0,1,0,1,1,0
Cactus de jade,1.0,1.0,1.0,1,0,0,1,0,1,0,1,0,1,0,1,1,0
Cactus de jade,0.0,1.0,1.0,0,1,0,0,0,1,0,1,0,1,0,1,1,0
Cactus de jade,1.0,1.0,2.0,1,0,0,1,0,0,1,1,0,1,0,1,1,0
Cactus de jade,1.0,1.0,1.0,1,0,1,0,1,0,0,1,0,1,0,1,1,0
Cactus de jade,1.0,0.0,1.0,1,0,0,1,0,1,0,1,0,1,0,1,1,0
Cactus de jade,0.0,0.0,1.0,1,1,0,0,0,1,0,1,0,1,0,1,1,0
Cactus de jade,0.0,1.0,1.0,0,0,0,1,0,1,0,1,0,1,0,1,1,0
Cactus de jade,1.0,1.0,2.0,1,0,0,1,1,0,0,1,0,1,0,1,1,0
Cactus de jade,0.0,1.0,3.0,1,1,0,0,0,0,1,1,0,1,0,1,1,0
Cactus de jade,1.0,1.0,1.0,1,0,0,1,0,1,0,1,0,1,0,1,1,0
Cactus de jade,1.0,1.0,2.0,1,0,0,1,0,1,0,1,0,1,0,1,1,0
Cactus de jade,1.0,1.0,1.0,1,0,0,1,0,0,1,1,0,1,0,1,1,0
Cactus de jade,0.0,0.0,1.0,1,0,0,1,0,1,0,1,0,1,0,1,1,0
Cactus de jade,1.0,1.0,2.0,1,1,0,0,0,0,1,1,0,1,0,1,1,0
Cactus de jade,0.0,2.0,2.0,0,1,0,0,0,1,0,1,0,1,0,1,1,0
Cactus de jade,1.0,1.0,1.0,1,0,0,1,0,0,1,1,0,1,0,1,1,0
Cactus de jade,0.0,2.0,2.0,1,0,0,1,1,0,0,1,0,1,0,1,1,0
Cactus de jade,0.0,1.0,2.0,1,0,0,1,1,0,0,1,0,1,0,1,1,0
Cactus de jade,0.0,1.0,1.0,1,1,0,0,0,1,0,1,0,1,0,1,1,0
Cactus de jade,1.0,1.0,2.0,1,0,0,1,0,0,1,1,0,1,0,1,1,0
Cactus de jade,0.0,0.0,0.0,0,1,0,0,0,0,1,1,0,1,0,1,1,0
Cactus de jade,1.0,1.0,2.0,1,0,0,1,0,0,1,1,0,1,0,1,1,0
Cactus de jade,0.0,1.0,2.0,1,1,0,0,0,0,1,1,0,1,0,1,1,0
Cactus de jade,1.0,1.0,1.0,1,0,0,1,1,0,0,1,0,1,0,1,1,0
Cactus de jade,0.0,1.0,2.0,1,0,0,1,0,1,0,1,0,1,0,1,1,0
Cactus de jade,0.0,1.0,1.0,1,0,0,1,0,1,0,1,0,1,0,1,1,0
Cactus de jade,1.0,2.0,1.0,0,0,0,1,0,1,0,1,0,1,0,1,1,0
Cactus de jade,1.0,1.0,1.0,1,1,0,0,0,1,0,1,0,1,0,1,1,0
Cactus de jade,1.0,0.0,2.0,1,0,0,1,0,0,1,1,0,1,0,1,1,0
Cactus de jade,0.0,1.0,1.0,0,1,0,0,0,1,0,1,0,1,0,1,1,0
Cactus de jade,1.0,1.0,2.0,1,1,0,0,0,1,0,1,0,1,0,1,1,0
Cactus de jade,0.0,1.0,1.0,1,0,1,0,0,1,0,1,0,1,0,1,1,0
Cactus de jade,1.0,1.0,1.0,1,0,0,1,0,0,1,1,0,1,0,1,1,0
Cactus de jade,1.0,1.0,2.0,0,0,1,0,0,1,0,1,0,1,0,1,1,0
Cactus de jade,0.0,0.0,0.0,1,0,0,1,0,1,0,1,0,1,0,1,1,0
Cactus de jade,1.0,1.0,1.0,1,0,0,1,0,1,0,1,0,1,0,1,1,0
Cactus de jade,0.0,3.0,3.0,1,1,0,0,0,1,0,1,0,1,0,1,1,0
Cactus de jade,1.0,1.0,2.0,1,0,0,1,0,0,1,1,0,1,0,1,1,0
Cactus de jade,1.0,1.0,0.0,1,0,0,1,0,1,0,1,0,1,0,1,1,0
Cactus de jade,0.0,2.0,3.0,1,0,1,0,0,1,0,1,0,1,0,1,1,0
Cactus de jade,0.0,0.0,1.0,1,0,0,1,0,1,0,1,0,1,0,1,1,0
Cactus de jade,1.0,1.0,2.0,1,0,0,1,0,1,0,1,0,1,0,1,1,0
Cactus de jade,1.0,1.0,3.0,1,0,0,1,1,0,0,1,0,1,0,1,1,0
Cactus de jade,0.0,1.0,2.0,1,0,0,1,0,1,0,1,0,1,0,1,1,0
Cactus de jade,1.0,2.0,2.0,1,0,0,1,0,0,1,1,0,1,0,1,1,0
Cactus de jade,0.0,1.0,1.0,1,1,0,0,0,1,0,1,0,1,0,1,1,0
Cactus de jade,1.0,2.0,1.0,1,0,0,1,0,1,0,1,0,1,0,1,1,0
Cactus de jade,0.0,1.0,1.0,1,0,0,1,0,1,0,1,0,1,0,1,1,0
Cactus de jade,1.0,1.0,2.0,1,0,0,1,1,0,0,1,0,1,0,1,1,0
Cactus de jade,1.0,2.0,1.0,0,0,0,1,0,1,0,1,0,1,0,1,1,0
Cactus de jade,1.0,1.0,2.0,1,1,0,0,0,1,0,1,0,1,0,1,1,0
Cactus de jade,0.0,3.0,2.0,1,1,0,0,1,0,0,1,0,1,0,1,1,0
Cactus de jade,1.0,1.0,0.0,1,0,0,1,0,1,0,1,0,1,0,1,1,0
Cactus de jade,1.0,1.0,2.0,1,0,1,0,1,0,0,1,0,1,0,1,1,0
Cactus de jade,1.0,1.0,1.0,0,1,0,0,0,1,0,1,0,1,0,1,1,0
Cactus de jade,0.0,0.0,1.0,1,0,0,1,0,0,1,1,0,1,0,1,1,0
Cactus de jade,0.0,2.0,2.0,1,0,0,1,0,0,1,1,0,1,0,1,1,0
Cactus de jade,0.0,0.0,1.0,1,0,1,0,1,0,0,1,0,1,0,1,1,0
Cactus de jade,1.0,0.0,1.0,1,0,1,0,0,1,0,1,0,1,0,1,1,0
Cactus de jade,1.0,1.0,1.0,1,0,0,1,0,1,0,1,0,1,0,1,1,0
Cactus de jade,1.0,0.0,1.0,1,0,0,1,0,1,0,1,0,1,0,1,1,0
Cactus de jade,0.0,1.0,2.0,1,0,1,0,0,1,0,1,0,1,0,1,1,0
Cactus de jade,1.0,1.0,2.0,1,0,1,0,0,1,0,1,0,1,0,1,1,0
Cactus de jade,0.0,1.0,2.0,1,0,0,1,0,1,0,1,0,1,0,1,1,0
Cactus de jade,1.0,2.0,2.0,1,0,0,1,0,1,0,1,0,1,0,1,1,0
Cactus de jade,0.0,1.0,1.0,1,0,0,1,0,1,0,1,0,1,0,1,1,0
Cactus de jade,0.0,2.0,2.0,1,1,0,0,0,1,0,1,0,1,0,1,1,0
Cactus de jade,1.0,1.0,1.0,0,0,0,1,0,1,0,1,0,1,0,1,1,0
Cactus de jade,0.0,2.0,3.0,0,0,0,1,0,0,1,1,0,1,0,1,1,0
Cactus de jade,0.0,3.0,3.0,1,0,1,0,0,0,1,1,0,1,0,1,1,0
Cactus de jade,1.0,2.0,1.0,1,0,0,1,0,1,0,1,0,1,0,1,1,0
Cactus de jade,1.0,3.0,1.0,1,0,0,1,0,1,0,1,0,1,0,1,1,0
Cactus de jade,1.0,2.0,2.0,1,0,1,0,0,1,0,1,0,1,0,1,1,0
Cactus de jade,1.0,2.0,2.0,1,0,0,1,0,1,0,1,0,1,0,1,1,0
Cactus de jade,1.0,2.0,2.0,1,0,1,0,0,1,0,1,0,1,0,1,1,0
Cactus de jade,0.0,1.0,3.0,1,0,0,1,0,1,0,1,0,1,0,1,1,0
Cactus de jade,1.0,1.0,1.0,1,0,1,0,0,1,0,1,0,1,0,1,1,0
Cactus de jade,1.0,3.0,2.0,1,0,0,1,0,0,1,1,0,1,0,1,1,0
Cactus de jade,1.0,2.0,3.0,1,1,0,0,0,1,0,1,0,1,0,1,1,0
Fucsia,1.0,1.0,2.0,1,0,0,1,0,1,0,1,1,1,2,0,1,1
Fucsia,1.0,2.0,2.0,1,1,0,0,0,0,1,1,1,1,2,0,1,1
Fucsia,0.0,1.0,2.0,1,0,0,1,1,0,0,1,1,1,2,0,1,1
Fucsia,1.0,1.0,2.0,1,0,0,1,0,0,1,1,1,1,2,0,1,1
Fucsia,0.0,0.0,2.0,1,0,0,1,0,1,0,1,1,1,2,0,1,1
Fucsia,1.0,1.0,1.0,1,0,1,0,0,1,0,1,1,1,2,0,1,1
Fucsia,0.0,1.0,2.0,1,1,0,0,0,1,0,1,1,1,2,0,1,1
Fucsia,0.0,1.0,1.0,0,0,0,1,0,1,0,1,1,1,2,0,1,1
Fucsia,0.0,1.0,1.0,1,0,0,1,1,0,0,1,1,1,2,0,1,1
Fucsia,0.0,0.0,2.0,1,1,0,0,0,1,0,1,1,1,2,0,1,1
Fucsia,1.0,2.0,3.0,1,1,0,0,0,1,0,1,1,1,2,0,1,1
Fucsia,1.0,3.0,2.0,1,0,1,0,1,0,0,1,1,1,2,0,1,1
Fucsia,0.0,0.0,0.0,1,1,0,0,0,1,0,1,1,1,2,0,1,1
Fucsia,0.0,1.0,2.0,1,0,1,0,0,1,0,1,1,1,2,0,1,1
Fucsia,1.0,1.0,1.0,1,0,1,0,0,1,0,1,1,1,2,0,1,1
Fucsia,0.0,1.0,1.0,1,1,0,0,0,1,0,1,1,1,2,0,1,1
Fucsia,0.0,1.0,2.0,1,1,0,0,0,1,0,1,1,1,2,0,1,1
Fucsia,1.0,1.0,2.0,1,0,0,1,0,0,1,1,1,1,2,0,1,1
Fucsia,1.0,1.0,2.0,1,0,0,1,0,0,1,1,1,1,2,0,1,1
Fucsia,1.0,1.0,1.0,1,0,0,1,1,0,0,1,1,1,2,0,1,1
Fucsia,0.0,1.0,1.0,1,1,0,0,0,1,0,1,1,1,2,0,1,1
Fucsia,1.0,1.0,1.0,1,0,0,1,0,0,1,1,1,1,2,0,1,1
Fucsia,1.0,1.0,2.0,1,0,0,1,0,0,1,1,1,1,2,0,1,1
Fucsia,1.0,1.0,2.0,1,0,0,1,0,1,0,1,1,1,2,0,1,1
Fucsia,1.0,1.0,2.0,1,0,0,1,0,0,1,1,1,1,2,0,1,1
Fucsia,1.0,0.0,1.0,1,0,1,0,1,0,0,1,1,1,2,0,1,1
Fucsia,1.0,0.0,0.0,0,0,0,1,1,0,0,1,1,1,2,0,1,1
Fucsia,0.0,1.0,1.0,0,0,1,0,0,1,0,1,1,1,2,0,1,1
Fucsia,0.0,1.0,1.0,1,0,1,0,0,1,0,1,1,1,2,0,1,1
Fucsia,1.0,1.0,2.0,1,0,0,1,0,1,0,1,1,1,2,0,1,1
Fucsia,1.0,1.0,3.0,1,0,0,1,1,0,0,1,1,1,2,0,1,1
Fucsia,0.0,1.0,2.0,1,0,0,1,0,1,0,1,1,1,2,0,1,1
Fucsia,1.0,0.0,0.0,1,0,1,0,0,1,0,1,1,1,2,0,1,1
Fucsia,0.0,1.0,2.0,1,0,0,1,0,0,1,1,1,1,2,0,1,1
Fucsia,1.0,1.0,2.0,1,0,0,1,0,1,0,1,1,1,2,0,1,1
Fucsia,0.0,1.0,2.0,1,1,0,0,0,0,1,1,1,1,2,0,1,1
Fucsia,1.0,1.0,2.0,1,0,0,1,0,1,0,1,1,1,2,0,1,1
Fucsia,1.0,1.0,0.0,1,1,0,0,0,1,0,1,1,1,2,0,1,1
Fucsia,1.0,0.0,1.0,1,0,0,1,0,1,0,1,1,1,2,0,1,1
Fucsia,1.0,1.0,2.0,1,0,1,0,0,1,0,1,1,1,2,0,1,1
Fucsia,0.0,2.0,2.0,1,1,0,0,0,1,0,1,1,1,2,0,1,1
Fucsia,1.0,2.0,1.0,1,0,0,1,0,1,0,1,1,1,2,0,1,1
Fucsia,0.0,1.0,2.0,1,0,1,0,0,1,0,1,1,1,2,0,1,1
Fucsia,0.0,3.0,2.0,1,1,0,0,0,0,1,1,1,1,2,0,1,1
Fucsia,1.0,3.0,3.0,1,0,0,1,0,1,0,1,1,1,2,0,1,1
Fucsia,0.0,1.0,0.0,1,0,1,0,1,0,0,1,1,1,2,0,1,1
Fucsia,1.0,2.0,3.0,1,1,0,0,0,0,1,1,1,1,2,0,1,1
Fucsia,1.0,2.0,3.0,1,1,0,0,0,1,0,1,1,1,2,0,1,1
Fucsia,0.0,1.0,3.0,1,0,0,1,0,1,0,1,1,1,2,0,1,1
Peperomia,1.0,1.0,2.0,1,0,1,0,1,0,0,1,0,0,1,0,1,0
Peperomia,0.0,1.0,2.0,1,0,0,1,0,0,1,1,0,0,1,0,1,0
Peperomia,1.0,1.0,2.0,1,0,0,1,0,0,1,1,0,0,1,0,1,0
Peperomia,0.0,0.0,1.0,1,1,0,0,0,1,0,1,0,0,1,0,1,0
Peperomia,0.0,1.0,2.0,1,1,0,0,0,0,1,1,0,0,1,0,1,0
Peperomia,0.0,1.0,1.0,1,0,1,0,0,0,1,1,0,0,1,0,1,0
Peperomia,1.0,1.0,1.0,0,1,0,0,0,1,0,1,0,0,1,0,1,0
Peperomia,1.0,1.0,1.0,1,0,0,1,0,1,0,1,0,0,1,0,1,0
Peperomia,1.0,1.0,2.0,1,1,0,0,0,1,0,1,0,0,1,0,1,0
Peperomia,0.0,2.0,2.0,0,1,0,0,0,1,0,1,0,0,1,0,1,0
Peperomia,0.0,1.0,1.0,1,0,1,0,0,1,0,1,0,0,1,0,1,0
Peperomia,1.0,1.0,2.0,1,0,1,0,0,1,0,1,0,0,1,0,1,0
Peperomia,0.0,1.0,0.0,0,1,0,0,0,1,0,1,0,0,1,0,1,0
Peperomia,1.0,0.0,2.0,1,0,1,0,0,1,0,1,0,0,1,0,1,0
Peperomia,1.0,0.0,2.0,1,0,0,1,0,0,1,1,0,0,1,0,1,0
Peperomia,0.0,1.0,1.0,0,1,0,0,0,1,0,1,0,0,1,0,1,0
Peperomia,1.0,1.0,1.0,1,0,0,1,0,0,1,1,0,0,1,0,1,0
Peperomia,1.0,1.0,2.0,1,1,0,0,0,1,0,1,0,0,1,0,1,0
Peperomia,0.0,1.0,2.0,1,0,0,1,0,0,1,1,0,0,1,0,1,0
Peperomia,0.0,1.0,2.0,1,1,0,0,0,1,0,1,0,0,1,0,1,0
Peperomia,0.0,3.0,3.0,1,1,0,0,0,1,0,1,0,0,1,0,1,0
Peperomia,1.0,0.0,1.0,0,1,0,0,0,0,1,1,0,0,1,0,1,0
Peperomia,1.0,1.0,2.0,0,0,0,1,0,1,0,1,0,0,1,0,1,0
Peperomia,1.0,0.0,1.0,1,0,0,1,0,1,0,1,0,0,1,0,1,0
Peperomia,0.0,0.0,1.0,1,0,0,1,0,1,0,1,0,0,1,0,1,0
Peperomia,1.0,1.0,2.0,1,0,1,0,0,1,0,1,0,0,1,0,1,0
Peperomia,1.0,1.0,2.0,1,0,0,1,0,1,0,1,0,0,1,0,1,0
Peperomia,0.0,0.0,1.0,1,1,0,0,0,1,0,1,0,0,1,0,1,0
Peperomia,0.0,1.0,1.0,1,0,0,1,0,1,0,1,0,0,1,0,1,0
Peperomia,1.0,1.0,1.0,0,1,0,0,0,1,0,1,0,0,1,0,1,0
Peperomia,1.0,0.0,1.0,1,0,0,1,0,0,1,1,0,0,1,0,1,0
Peperomia,0.0,1.0,2.0,1,0,0,1,0,1,0,1,0,0,1,0,1,0
Peperomia,0.0,1.0,1.0,1,0,0,1,0,1,0,1,0,0,1,0,1,0
Peperomia,1.0,1.0,1.0,1,1,0,0,0,1,0,1,0,0,1,0,1,0
Peperomia,1.0,1.0,3.0,0,0,1,0,0,1,0,1,0,0,1,0,1,0
Peperomia,0.0,3.0,2.0,1,0,0,1,0,0,1,1,0,0,1,0,1,0
Peperomia,1.0,2.0,2.0,1,0,1,0,0,0,1,1,0,0,1,0,1,0
Peperomia,1.0,3.0,1.0,1,0,1,0,0,1,0,1,0,0,1,0,1,0
Peperomia,1.0,2.0,2.0,1,0,1,0,0,1,0,1,0,0,1,0,1,0
Peperomia,1.0,2.0,1.0,1,0,0,1,0,1,0,1,0,0,1,0,1,0
Peperomia,1.0,2.0,2.0,1,0,1,0,0,1,0,1,0,0,1,0,1,0
Peperomia,1.0,1.0,1.0,1,0,1,0,1,0,0,1,0,0,1,0,1,0
Peperomia,0.0,1.0,0.0,1,0,1,0,1,0,0,1,0,0,1,0,1,0
Peperomia,0.0,2.0,3.0,1,0,1,0,1,0,0,1,0,0,1,0,1,0
Peperomia,0.0,3.0,3.0,0,0,0,1,0,1,0,1,0,0,1,0,1,0
Palo de Brasil,1.0,1.0,2.0,1,0,1,0,1,0,0,1,0,2,1,0,0,2
Palo de Brasil,0.0,1.0,2.0,1,0,0,1,0,0,1,1,0,2,1,0,0,2
Palo de Brasil,0.0,0.0,3.0,1,0,0,1,0,1,0,1,0,2,1,0,0,2
Palo de Brasil,1.0,1.0,1.0,1,0,0,1,0,1,0,1,0,2,1,0,0,2
Palo de Brasil,1.0,1.0,2.0,1,0,0,1,0,0,1,1,0,2,1,0,0,2
Palo de Brasil,1.0,0.0,1.0,1,0,0,1,0,1,0,1,0,2,1,0,0,2
Palo de Brasil,0.0,0.0,1.0,1,1,0,0,0,1,0,1,0,2,1,0,0,2
Palo de Brasil,1.0,1.0,2.0,1,1,0,0,0,1,0,1,0,2,1,0,0,2
Palo de Brasil,1.0,2.0,2.0,0,1,0,0,0,0,1,1,0,2,1,0,0,2
Palo de Brasil,0.0,1.0,2.0,0,0,1,0,0,0,1,1,0,2,1,0,0,2
Palo de Brasil,0.0,1.0,2.0,1,0,0,1,0,0,1,1,0,2,1,0,0,2
Palo de Brasil,0.0,1.0,3.0,1,1,0,0,0,0,1,1,0,2,1,0,0,2
Palo de Brasil,0.0,0.0,2.0,1,1,0,0,0,1,0,1,0,2,1,0,0,2
Palo de Brasil,1.0,1.0,1.0,0,1,0,0,0,1,0,1,0,2,1,0,0,2
Palo de Brasil,0.0,1.0,1.0,1,0,1,0,0,1,0,1,0,2,1,0,0,2
Palo de Brasil,0.0,0.0,0.0,1,0,1,0,0,1,0,1,0,2,1,0,0,2
Palo de Brasil,0.0,1.0,1.0,1,0,1,0,0,1,0,1,0,2,1,0,0,2
Palo de Brasil,0.0,1.0,2.0,1,1,0,0,0,1,0,1,0,2,1,0,0,2
Palo de Brasil,0.0,2.0,2.0,1,0,1,0,0,1,0,1,0,2,1,0,0,2
Palo de Brasil,0.0,1.0,2.0,1,1,0,0,0,1,0,1,0,2,1,0,0,2
Palo de Brasil,1.0,1.0,1.0,1,0,0,1,1,0,0,1,0,2,1,0,0,2
Palo de Brasil,0.0,1.0,2.0,1,0,0,1,0,1,0,1,0,2,1,0,0,2
Palo de Brasil,1.0,0.0,0.0,1,0,1,0,0,1,0,1,0,2,1,0,0,2
Palo de Brasil,0.0,2.0,2.0,1,0,1,0,0,0,1,1,0,2,1,0,0,2
Palo de Brasil,1.0,0.0,2.0,1,0,0,1,0,0,1,1,0,2,1,0,0,2
Palo de Brasil,1.0,1.0,1.0,1,0,1,0,0,1,0,1,0,2,1,0,0,2
Palo de Brasil,1.0,3.0,3.0,1,0,1,0,0,1,0,1,0,2,1,0,0,2
Palo de Brasil,1.0,1.0,1.0,1,0,0,1,0,0,1,1,0,2,1,0,0,2
Palo de Brasil,1.0,1.0,2.0,0,0,1,0,0,1,0,1,0,2,1,0,0,2
Palo de Brasil,0.0,1.0,0.0,0,0,1,0,0,1,0,1,0,2,1,0,0,2
Palo de Brasil,0.0,1.0,2.0,1,0,1,0,0,1,0,1,0,2,1,0,0,2
Palo de Brasil,1.0,2.0,1.0,0,1,0,0,0,0,1,1,0,2,1,0,0,2
Palo de Brasil,0.0,1.0,1.0,1,0,1,0,0,0,1,1,0,2,1,0,0,2
Palo de Brasil,1.0,0.0,0.0,1,0,0,1,0,1,0,1,0,2,1,0,0,2
Palo de Brasil,0.0,3.0,1.0,0,0,1,0,0,1,0,1,0,2,1,0,0,2
Palo de Brasil,0.0,1.0,1.0,0,1,0,0,1,0,0,1,0,2,1,0,0,2
Palo de Brasil,0.0,1.0,1.0,1,0,1,0,1,0,0,1,0,2,1,0,0,2
Palo de Brasil,0.0,2.0,3.0,1,0,1,0,0,1,0,1,0,2,1,0,0,2
Palo de Brasil,1.0,1.0,1.0,1,0,0,1,0,1,0,1,0,2,1,0,0,2
Palo de Brasil,1.0,1.0,3.0,1,0,0,1,1,0,0,1,0,2,1,0,0,2
Palo de Brasil,0.0,1.0,2.0,1,0,0,1,0,1,0,1,0,2,1,0,0,2
Palo de Brasil,0.0,1.0,2.0,1,1,0,0,0,1,0,1,0,2,1,0,0,2
Palo de Brasil,1.0,2.0,1.0,1,0,0,1,0,1,0,1,0,2,1,0,0,2
Palo de Brasil,0.0,1.0,1.0,1,0,0,1,0,1,0,1,0,2,1,0,0,2
Palo de Brasil,1.0,0.0,1.0,1,1,0,0,0,1,0,1,0,2,1,0,0,2
Palo de Brasil,0.0,2.0,1.0,1,1,0,0,0,1,0,1,0,2,1,0,0,2
Palo de Brasil,0.0,1.0,2.0,1,0,0,1,0,0,1,1,0,2,1,0,0,2
Palo de Brasil,1.0,1.0,2.0,1,0,0,1,0,1,0,1,0,2,1,0,0,2
Palo de Brasil,1.0,2.0,2.0,1,1,0,0,1,0,0,1,0,2,1,0,0,2
Palo de Brasil,0.0,0.0,0.0,1,0,1,0,0,0,1,1,0,2,1,0,0,2
Palo de Brasil,1.0,1.0,2.0,1,0,1,0,1,0,0,1,0,2,1,0,0,2
Palo de Brasil,0.0,1.0,2.0,1,1,0,0,0,0,1,1,0,2,1,0,0,2
Palo de Brasil,1.0,1.0,1.0,0,1,0,0,0,1,0,1,0,2,1,0,0,2
Palo de Brasil,1.0,0.0,1.0,1,1,0,0,1,0,0,1,0,2,1,0,0,2
Palo de Brasil,1.0,1.0,1.0,1,0,0,1,0,0,1,1,0,2,1,0,0,2
Palo de Brasil,1.0,1.0,2.0,1,0,1,0,0,1,0,1,0,2,1,0,0,2
Palo de Brasil,0.0,1.0,1.0,1,1,0,0,0,1,0,1,0,2,1,0,0,2
Palo de Brasil,0.0,1.0,2.0,1,0,0,1,0,1,0,1,0,2,1,0,0,2
Palo de Brasil,0.0,2.0,2.0,1,1,0,0,0,1,0,1,0,2,1,0,0,2
Palo de Brasil,1.0,1.0,3.0,0,0,1,0,0,1,0,1,0,2,1,0,0,2
Palo de Brasil,0.0,2.0,3.0,0,0,0,1,0,0,1,1,0,2,1,0,0,2
Palo de Brasil,0.0,3.0,2.0,1,0,0,1,0,0,1,1,0,2,1,0,0,2
Palo de Brasil,0.0,3.0,2.0,1,0,0,1,0,0,1,1,0,2,1,0,0,2
Palo de Brasil,1.0,2.0,2.0,1,0,1,0,0,1,0,1,0,2,1,0,0,2
Palo de Brasil,1.0,2.0,2.0,1,0,0,1,0,1,0,1,0,2,1,0,0,2
Palo de Brasil,1.0,2.0,3.0,1,1,0,0,0,0,1,1,0,2,1,0,0,2
Palo de Brasil,0.0,3.0,1.0,0,0,1,0,0,1,0,1,0,2,1,0,0,2
Nephthytis,1.0,1.0,2.0,1,0,1,0,1,0,0,1,0,1,2,0,0,0
Nephthytis,1.0,2.0,2.0,1,1,0,0,0,0,1,1,0,1,2,0,0,0
Nephthytis,0.0,1.0,2.0,1,1,0,0,0,0,1,1,0,1,2,0,0,0
Nephthytis,1.0,1.0,1.0,1,1,0,0,1,0,0,1,0,1,2,0,0,0
Nephthytis,0.0,2.0,2.0,0,1,0,0,0,1,0,1,0,1,2,0,0,0
Nephthytis,0.0,2.0,2.0,1,0,0,1,1,0,0,1,0,1,2,0,0,0
Nephthytis,0.0,1.0,0.0,1,0,0,1,0,0,1,1,0,1,2,0,0,0
Nephthytis,1.0,2.0,1.0,0,0,0,1,0,1,0,1,0,1,2,0,0,0
Nephthytis,1.0,1.0,1.0,1,1,0,0,0,1,0,1,0,1,2,0,0,0
Nephthytis,1.0,1.0,1.0,1,0,1,0,1,0,0,1,0,1,2,0,0,0
Nephthytis,0.0,1.0,2.0,1,1,0,0,0,1,0,1,0,1,2,0,0,0
Nephthytis,0.0,0.0,1.0,1,1,0,0,0,1,0,1,0,1,2,0,0,0
Nephthytis,1.0,0.0,1.0,0,1,0,0,0,0,1,1,0,1,2,0,0,0
Nephthytis,0.0,2.0,3.0,1,0,1,0,0,1,0,1,0,1,2,0,0,0
Nephthytis,0.0,0.0,1.0,1,0,0,1,0,1,0,1,0,1,2,0,0,0
Nephthytis,1.0,1.0,3.0,1,0,0,1,1,0,0,1,0,1,2,0,0,0
Nephthytis,1.0,1.0,0.0,1,0,0,1,0,1,0,1,0,1,2,0,0,0
Nephthytis,0.0,1.0,2.0,1,0,0,1,0,1,0,1,0,1,2,0,0,0
Nephthytis,1.0,1.0,2.0,1,0,1,0,1,0,0,1,0,1,2,0,0,0
Nephthytis,0.0,2.0,2.0,1,1,0,0,0,1,0,1,0,1,2,0,0,0
Nephthytis,0.0,1.0,2.0,1,0,0,1,0,1,0,1,0,1,2,0,0,0
Nephthytis,0.0,1.0,1.0,1,0,0,1,0,1,0,1,0,1,2,0,0,0
Nephthytis,0.0,1.0,1.0,1,1,0,0,0,0,1,1,0,1,2,0,0,0
Nephthytis,0.0,3.0,2.0,1,0,0,1,0,0,1,1,0,1,2,0,0,0
Nephthytis,1.0,2.0,2.0,1,0,1,0,0,1,0,1,0,1,2,0,0,0
Nephthytis,1.0,3.0,1.0,1,0,0,1,0,1,0,1,0,1,2,0,0,0
Nephthytis,0.0,2.0,2.0,1,0,0,1,1,0,0,1,0,1,2,0,0,0
Nephthytis,1.0,3.0,2.0,1,0,0,1,0,0,1,1,0,1,2,0,0,0
Nephthytis,1.0,2.0,3.0,1,1,0,0,0,1,0,1,0,1,2,0,0,0
Fittonia,1.0,2.0,2.0,1,1,0,0,0,0,1,2,0,0,3,0,1,2
Fittonia,1.0,1.0,2.0,1,0,0,1,0,0,1,2,0,0,3,0,1,2
Fittonia,0.0,1.0,1.0,1,0,0,1,0,1,0,2,0,0,3,0,1,2
Fittonia,0.0,1.0,2.0,1,1,0,0,0,0,1,2,0,0,3,0,1,2
Fittonia,0.0,1.0,1.0,0,0,0,1,0,1,0,2,0,0,3,0,1,2
Fittonia,0.0,1.0,3.0,1,1,0,0,0,0,1,2,0,0,3,0,1,2
Fittonia,0.0,0.0,2.0,1,1,0,0,0,1,0,2,0,0,3,0,1,2
Fittonia,1.0,1.0,2.0,1,0,0,1,0,1,0,2,0,0,3,0,1,2
Fittonia,1.0,2.0,3.0,1,1,0,0,0,1,0,2,0,0,3,0,1,2
Fittonia,1.0,3.0,2.0,1,0,1,0,1,0,0,2,0,0,3,0,1,2
Fittonia,1.0,0.0,0.0,1,0,1,0,0,0,1,2,0,0,3,0,1,2
Fittonia,0.0,1.0,1.0,1,0,1,0,0,1,0,2,0,0,3,0,1,2
Fittonia,1.0,1.0,2.0,1,0,0,1,0,0,1,2,0,0,3,0,1,2
Fittonia,1.0,1.0,0.0,1,0,0,1,1,0,0,2,0,0,3,0,1,2
Fittonia,0.0,1.0,1.0,1,0,1,0,1,0,0,2,0,0,3,0,1,2
Fittonia,0.0,2.0,3.0,1,0,1,0,0,1,0,2,0,0,3,0,1,2
Fittonia,0.0,1.0,2.0,1,0,0,1,0,1,0,2,0,0,3,0,1,2
Fittonia,1.0,2.0,1.0,1,0,0,1,0,1,0,2,0,0,3,0,1,2
Fittonia,1.0,0.0,0.0,1,0,1,0,0,1,0,2,0,0,3,0,1,2
Fittonia,1.0,0.0,0.0,1,1,0,0,0,1,0,2,0,0,3,0,1,2
Fittonia,1.0,0.0,1.0,1,1,0,0,0,1,0,2,0,0,3,0,1,2
Fittonia,0.0,1.0,2.0,1,0,0,1,0,0,1,2,0,0,3,0,1,2
Fittonia,1.0,1.0,2.0,1,0,0,1,0,1,0,2,0,0,3,0,1,2
Fittonia,1.0,1.0,2.0,1,0,1,0,1,0,0,2,0,0,3,0,1,2
Fittonia,0.0,1.0,1.0,1,0,1,0,0,1,0,2,0,0,3,0,1,2
Fittonia,0.0,1.0,1.0,1,1,0,0,0,0,1,2,0,0,3,0,1,2
Fittonia,0.0,2.0,2.0,1,1,0,0,1,0,0,2,0,0,3,0,1,2
Fittonia,0.0,3.0,2.0,1,0,0,1,0,0,1,2,0,0,3,0,1,2
Fittonia,0.0,3.0,3.0,1,0,1,0,0,0,1,2,0,0,3,0,1,2
Fittonia,0.0,1.0,2.0,0,0,0,1,1,0,0,2,0,0,3,0,1,2
Fittonia,0.0,1.0,2.0,1,0,1,0,0,1,0,2,0,0,3,0,1,2
Fittonia,1.0,2.0,2.0,1,0,1,0,0,1,0,2,0,0,3,0,1,2
Fittonia,1.0,2.0,2.0,1,0,0,1,0,1,0,2,0,0,3,0,1,2
Fittonia,0.0,1.0,3.0,1,0,0,1,0,1,0,2,0,0,3,0,1,2
Fittonia,1.0,2.0,3.0,1,1,0,0,0,0,1,2,0,0,3,0,1,2
Fittonia,0.0,3.0,1.0,0,0,1,0,0,1,0,2,0,0,3,0,1,2
Violeta africana,1.0,2.0,2.0,1,1,0,0,0,0,1,2,0,0,2,0,1,1
Violeta africana,1.0,2.0,2.0,1,0,0,1,0,0,1,2,0,0,2,0,1,1
Violeta africana,1.0,1.0,2.0,1,0,0,1,1,0,0,2,0,0,2,0,1,1
Violeta africana,0.0,1.0,1.0,0,1,0,0,0,1,0,2,0,0,2,0,1,1
Violeta africana,0.0,1.0,2.0,1,0,0,1,1,0,0,2,0,0,2,0,1,1
Violeta africana,0.0,1.0,1.0,1,0,0,1,0,1,0,2,0,0,2,0,1,1
Violeta africana,0.0,1.0,1.0,1,0,0,1,0,1,0,2,0,0,2,0,1,1
Violeta africana,1.0,1.0,1.0,1,0,1,0,0,1,0,2,0,0,2,0,1,1
Violeta africana,0.0,1.0,2.0,1,1,0,0,0,1,0,2,0,0,2,0,1,1
Violeta africana,0.0,0.0,2.0,1,0,0,1,0,1,0,2,0,0,2,0,1,1
Violeta africana,0.0,1.0,2.0,1,1,0,0,0,1,0,2,0,0,2,0,1,1
Violeta africana,0.0,1.0,2.0,1,1,0,0,0,0,1,2,0,0,2,0,1,1
Violeta africana,0.0,1.0,1.0,0,0,0,1,0,1,0,2,0,0,2,0,1,1
Violeta africana,0.0,1.0,1.0,1,0,1,0,0,0,1,2,0,0,2,0,1,1
Violeta africana,0.0,0.0,2.0,1,1,0,0,0,1,0,2,0,0,2,0,1,1
Violeta africana,1.0,1.0,2.0,1,0,0,1,0,1,0,2,0,0,2,0,1,1
Violeta africana,0.0,0.0,1.0,1,1,0,0,0,1,0,2,0,0,2,0,1,1
Violeta africana,1.0,1.0,1.0,1,0,0,1,0,0,1,2,0,0,2,0,1,1
Violeta africana,1.0,1.0,2.0,1,0,1,0,0,0,1,2,0,0,2,0,1,1
Violeta africana,1.0,2.0,3.0,1,1,0,0,0,1,0,2,0,0,2,0,1,1
Violeta africana,0.0,0.0,0.0,1,1,0,0,0,1,0,2,0,0,2,0,1,1
Violeta africana,0.0,1.0,2.0,1,0,1,0,0,0,1,2,0,0,2,0,1,1
Violeta africana,1.0,1.0,2.0,1,1,0,0,0,1,0,2,0,0,2,0,1,1
Violeta africana,1.0,1.0,1.0,1,0,1,0,0,1,0,2,0,0,2,0,1,1
Violeta africana,1.0,1.0,1.0,1,0,0,1,0,0,1,2,0,0,2,0,1,1
Violeta africana,1.0,1.0,2.0,1,0,0,1,0,1,0,2,0,0,2,0,1,1
Violeta africana,1.0,1.0,2.0,1,0,0,1,0,0,1,2,0,0,2,0,1,1
Violeta africana,0.0,0.0,0.0,0,1,0,0,0,0,1,2,0,0,2,0,1,1
Violeta africana,0.0,1.0,0.0,1,0,0,1,0,0,1,2,0,0,2,0,1,1
Violeta africana,1.0,1.0,1.0,0,1,0,0,1,0,0,2,0,0,2,0,1,1
Violeta africana,1.0,1.0,1.0,1,0,0,1,1,0,0,2,0,0,2,0,1,1
Violeta africana,0.0,1.0,1.0,1,1,0,0,0,1,0,2,0,0,2,0,1,1
Violeta africana,1.0,1.0,2.0,1,0,0,1,0,1,0,2,0,0,2,0,1,1
Violeta africana,1.0,3.0,2.0,0,0,0,1,0,0,1,2,0,0,2,0,1,1
Violeta africana,0.0,0.0,0.0,0,0,1,0,0,1,0,2,0,0,2,0,1,1
Violeta africana,1.0,1.0,1.0,1,0,1,0,1,0,0,2,0,0,2,0,1,1
Violeta africana,1.0,1.0,2.0,1,0,0,1,1,0,0,2,0,0,2,0,1,1
Violeta africana,1.0,1.0,2.0,1,0,0,1,0,0,1,2,0,0,2,0,1,1
Violeta africana,1.0,2.0,1.0,0,1,0,0,0,0,1,2,0,0,2,0,1,1
Violeta africana,0.0,1.0,2.0,1,0,1,0,0,0,1,2,0,0,2,0,1,1
Violeta africana,1.0,1.0,2.0,1,0,0,1,0,1,0,2,0,0,2,0,1,1
Violeta africana,1.0,1.0,2.0,1,0,0,1,0,1,0,2,0,0,2,0,1,1
Violeta africana,1.0,1.0,2.0,1,0,0,1,0,0,1,2,0,0,2,0,1,1
Violeta africana,1.0,0.0,1.0,1,0,1,0,1,0,0,2,0,0,2,0,1,1
Violeta africana,1.0,0.0,0.0,0,0,0,1,1,0,0,2,0,0,2,0,1,1
Violeta africana,1.0,1.0,1.0,1,0,0,1,0,1,0,2,0,0,2,0,1,1
Violeta africana,0.0,1.0,1.0,0,1,0,0,1,0,0,2,0,0,2,0,1,1
Violeta africana,0.0,1.0,1.0,0,0,1,0,0,1,0,2,0,0,2,0,1,1
Violeta africana,0.0,1.0,1.0,1,0,1,0,1,0,0,2,0,0,2,0,1,1
Violeta africana,0.0,2.0,3.0,1,0,1,0,0,1,0,2,0,0,2,0,1,1
Violeta africana,1.0,0.0,1.0,1,1,0,0,0,1,0,2,0,0,2,0,1,1
Violeta africana,1.0,2.0,2.0,1,0,0,1,0,0,1,2,0,0,2,0,1,1
Violeta africana,0.0,1.0,1.0,1,0,0,1,0,1,0,2,0,0,2,0,1,1
Violeta africana,1.0,0.0,0.0,1,0,1,0,0,1,0,2,0,0,2,0,1,1
Violeta africana,1.0,1.0,2.0,1,1,0,0,0,1,0,2,0,0,2,0,1,1
Violeta africana,0.0,1.0,1.0,0,1,0,0,1,0,0,2,0,0,2,0,1,1
Violeta africana,1.0,0.0,0.0,1,1,0,0,0,1,0,2,0,0,2,0,1,1
Violeta africana,0.0,1.0,2.0,1,0,0,1,0,0,1,2,0,0,2,0,1,1
Violeta africana,1.0,2.0,2.0,1,1,0,0,1,0,0,2,0,0,2,0,1,1
Violeta africana,1.0,1.0,0.0,1,0,0,1,0,1,0,2,0,0,2,0,1,1
Violeta africana,1.0,1.0,2.0,1,0,1,0,1,0,0,2,0,0,2,0,1,1
Violeta africana,0.0,1.0,2.0,1,1,0,0,0,0,1,2,0,0,2,0,1,1
Violeta africana,1.0,1.0,1.0,0,1,0,0,0,1,0,2,0,0,2,0,1,1
Violeta africana,1.0,2.0,2.0,1,0,1,0,0,1,0,2,0,0,2,0,1,1
Violeta africana,1.0,1.0,0.0,1,0,0,1,0,1,0,2,0,0,2,0,1,1
Violeta africana,1.0,1.0,1.0,1,0,0,1,0,0,1,2,0,0,2,0,1,1
Violeta africana,1.0,1.0,1.0,1,0,0,1,0,1,0,2,0,0,2,0,1,1
Violeta africana,1.0,1.0,2.0,1,1,0,0,0,1,0,2,0,0,2,0,1,1
Violeta africana,1.0,0.0,2.0,1,1,0,0,0,1,0,2,0,0,2,0,1,1
Violeta africana,1.0,0.0,1.0,1,0,0,1,0,1,0,2,0,0,2,0,1,1
Violeta africana,1.0,0.0,1.0,1,0,1,0,0,1,0,2,0,0,2,0,1,1
Violeta africana,0.0,1.0,2.0,1,0,0,1,0,1,0,2,0,0,2,0,1,1
Violeta africana,0.0,1.0,2.0,1,0,1,0,0,1,0,2,0,0,2,0,1,1
Violeta africana,1.0,0.0,1.0,1,0,1,0,0,1,0,2,0,0,2,0,1,1
Violeta africana,1.0,3.0,1.0,1,0,1,0,0,1,0,2,0,0,2,0,1,1
Violeta africana,1.0,2.0,2.0,1,0,1,0,0,1,0,2,0,0,2,0,1,1
Violeta africana,0.0,1.0,2.0,1,0,1,0,0,1,0,2,0,0,2,0,1,1
Violeta africana,1.0,2.0,2.0,1,0,1,0,0,1,0,2,0,0,2,0,1,1
Violeta africana,1.0,2.0,2.0,1,0,1,0,0,1,0,2,0,0,2,0,1,1
Violeta africana,0.0,1.0,2.0,1,0,0,1,1,0,0,2,0,0,2,0,1,1
Violeta africana,1.0,3.0,3.0,1,0,0,1,0,1,0,2,0,0,2,0,1,1
Violeta africana,0.0,2.0,3.0,1,0,1,0,1,0,0,2,0,0,2,0,1,1
Violeta africana,0.0,3.0,3.0,1,0,0,1,0,0,1,2,0,0,2,0,1,1
Kalanchoe,1.0,2.0,2.0,1,1,0,0,0,0,1,1,0,1,1,1,0,1
Kalanchoe,1.0,1.0,2.0,1,0,0,1,1,0,0,1,0,1,1,1,0,1
Kalanchoe,1.0,1.0,2.0,1,0,0,1,0,0,1,1,0,1,1,1,0,1
Kalanchoe,0.0,1.0,1.0,1,0,0,1,0,1,0,1,0,1,1,1,0,1
Kalanchoe,0.0,1.0,1.0,0,0,0,1,0,1,0,1,0,1,1,1,0,1
Kalanchoe,0.0,0.0,2.0,1,1,0,0,0,1,0,1,0,1,1,1,0,1
Kalanchoe,1.0,1.0,2.0,1,0,0,1,0,1,0,1,0,1,1,1,0,1
Kalanchoe,0.0,0.0,1.0,1,1,0,0,0,1,0,1,0,1,1,1,0,1
Kalanchoe,1.0,1.0,1.0,1,0,1,0,0,1,0,1,0,1,1,1,0,1
Kalanchoe,1.0,1.0,2.0,1,0,0,1,0,1,0,1,0,1,1,1,0,1
Kalanchoe,1.0,1.0,2.0,1,0,0,1,0,0,1,1,0,1,1,1,0,1
Kalanchoe,0.0,0.0,0.0,0,1,0,0,0,0,1,1,0,1,1,1,0,1
Kalanchoe,0.0,1.0,1.0,1,1,0,0,0,0,1,1,0,1,1,1,0,1
Kalanchoe,1.0,3.0,2.0,0,0,0,1,0,0,1,1,0,1,1,1,0,1
Kalanchoe,0.0,0.0,0.0,0,0,1,0,0,1,0,1,0,1,1,1,0,1
Kalanchoe,1.0,1.0,2.0,1,0,0,1,0,0,1,1,0,1,1,1,0,1
Kalanchoe,0.0,1.0,1.0,1,0,1,0,0,1,0,1,0,1,1,1,0,1
Kalanchoe,1.0,0.0,1.0,1,1,0,0,0,1,0,1,0,1,1,1,0,1
Kalanchoe,1.0,1.0,2.0,1,0,0,1,0,1,0,1,0,1,1,1,0,1
Kalanchoe,0.0,1.0,1.0,1,0,0,1,0,1,0,1,0,1,1,1,0,1
Kalanchoe,1.0,0.0,0.0,1,0,1,0,0,1,0,1,0,1,1,1,0,1
Kalanchoe,1.0,0.0,0.0,1,1,0,0,0,1,0,1,0,1,1,1,0,1
Kalanchoe,0.0,1.0,1.0,1,1,0,0,0,1,0,1,0,1,1,1,0,1
Kalanchoe,0.0,2.0,1.0,1,1,0,0,0,1,0,1,0,1,1,1,0,1
Kalanchoe,0.0,1.0,2.0,1,0,0,1,0,0,1,1,0,1,1,1,0,1
Kalanchoe,0.0,0.0,0.0,1,1,0,0,0,0,1,1,0,1,1,1,0,1
Kalanchoe,1.0,1.0,0.0,1,0,0,1,0,1,0,1,0,1,1,1,0,1
Kalanchoe,0.0,1.0,2.0,1,1,0,0,0,0,1,1,0,1,1,1,0,1
Kalanchoe,1.0,1.0,1.0,0,1,0,0,0,1,0,1,0,1,1,1,0,1
Kalanchoe,0.0,2.0,2.0,1,0,0,1,0,0,1,1,0,1,1,1,0,1
Kalanchoe,1.0,1.0,1.0,1,0,0,1,0,1,0,1,0,1,1,1,0,1
Kalanchoe,1.0,0.0,1.0,1,0,0,1,0,1,0,1,0,1,1,1,0,1
Kalanchoe,0.0,1.0,2.0,1,0,1,0,1,0,0,1,0,1,1,1,0,1
Kalanchoe,0.0,3.0,3.0,1,0,1,0,0,0,1,1,0,1,1,1,0,1
Kalanchoe,1.0,3.0,1.0,1,0,1,0,0,1,0,1,0,1,1,1,0,1
Kalanchoe,1.0,2.0,2.0,1,0,1,0,0,1,0,1,0,1,1,1,0,1
Kalanchoe,1.0,3.0,1.0,1,0,0,1,0,1,0,1,0,1,1,1,0,1
Kalanchoe,1.0,2.0,2.0,1,0,1,0,0,1,0,1,0,1,1,1,0,1
Kalanchoe,1.0,3.0,2.0,1,0,0,1,0,0,1,1,0,1,1,1,0,1
Hiedra inglesa,1.0,2.0,2.0,1,1,0,0,0,0,1,2,1,2,2,0,0,1
Hiedra inglesa,0.0,1.0,1.0,0,1,0,0,0,1,0,2,1,2,2,0,0,1
Hiedra inglesa,1.0,1.0,2.0,1,0,0,1,0,0,1,2,1,2,2,0,0,1
Hiedra inglesa,1.0,2.0,2.0,1,1,0,0,0,0,1,2,1,2,2,0,0,1
Hiedra inglesa,1.0,1.0,1.0,1,0,1,0,1,0,0,2,1,2,2,0,0,1
Hiedra inglesa,1.0,1.0,2.0,1,0,0,1,0,1,0,2,1,2,2,0,0,1
Hiedra inglesa,0.0,0.0,2.0,1,1,0,0,0,1,0,2,1,2,2,0,0,1
Hiedra inglesa,1.0,1.0,1.0,1,1,0,0,1,0,0,2,1,2,2,0,0,1
Hiedra inglesa,1.0,2.0,3.0,1,1,0,0,0,1,0,2,1,2,2,0,0,1
Hiedra inglesa,0.0,1.0,2.0,1,0,1,0,0,0,1,2,1,2,2,0,0,1
Hiedra inglesa,1.0,1.0,1.0,1,0,0,1,1,0,0,2,1,2,2,0,0,1
Hiedra inglesa,0.0,1.0,2.0,1,0,0,1,0,1,0,2,1,2,2,0,0,1
Hiedra inglesa,1.0,1.0,1.0,1,1,0,0,0,1,0,2,1,2,2,0,0,1
Hiedra inglesa,1.0,0.0,0.0,1,0,1,0,0,0,1,2,1,2,2,0,0,1
Hiedra inglesa,1.0,0.0,2.0,1,0,0,1,0,0,1,2,1,2,2,0,0,1
Hiedra inglesa,1.0,1.0,2.0,1,0,0,1,0,0,1,2,1,2,2,0,0,1
Hiedra inglesa,1.0,1.0,2.0,1,0,1,0,1,0,0,2,1,2,2,0,0,1
Hiedra inglesa,1.0,2.0,1.0,0,1,0,0,0,0,1,2,1,2,2,0,0,1
Hiedra inglesa,0.0,1.0,1.0,1,0,1,0,0,0,1,2,1,2,2,0,0,1
Hiedra inglesa,0.0,2.0,3.0,1,0,1,0,0,1,0,2,1,2,2,0,0,1
Hiedra inglesa,1.0,1.0,2.0,1,0,1,0,0,1,0,2,1,2,2,0,0,1
Hiedra inglesa,1.0,1.0,2.0,1,0,0,1,0,1,0,2,1,2,2,0,0,1
Hiedra inglesa,1.0,1.0,1.0,1,1,0,0,0,1,0,2,1,2,2,0,0,1
Hiedra inglesa,0.0,1.0,1.0,1,0,0,1,0,1,0,2,1,2,2,0,0,1
Hiedra inglesa,0.0,1.0,2.0,1,0,0,1,0,0,1,2,1,2,2,0,0,1
Hiedra inglesa,0.0,0.0,0.0,1,1,0,0,0,0,1,2,1,2,2,0,0,1
Hiedra inglesa,0.0,3.0,2.0,1,1,0,0,1,0,0,2,1,2,2,0,0,1
Hiedra inglesa,1.0,1.0,2.0,1,0,0,1,0,1,0,2,1,2,2,0,0,1
Hiedra inglesa,0.0,2.0,2.0,1,1,0,0,0,1,0,2,1,2,2,0,0,1
Hiedra inglesa,1.0,1.0,0.0,1,1,0,0,0,1,0,2,1,2,2,0,0,1
Hiedra inglesa,1.0,0.0,1.0,1,0,0,1,0,1,0,2,1,2,2,0,0,1
Hiedra inglesa,0.0,1.0,2.0,1,0,1,0,0,1,0,2,1,2,2,0,0,1
Hiedra inglesa,0.0,1.0,2.0,1,0,0,1,0,1,0,2,1,2,2,0,0,1
Hiedra inglesa,1.0,1.0,1.0,1,1,0,0,0,1,0,2,1,2,2,0,0,1
Hiedra inglesa,0.0,2.0,2.0,1,1,0,0,0,1,0,2,1,2,2,0,0,1
Hiedra inglesa,1.0,1.0,3.0,1,1,0,0,0,1,0,2,1,2,2,0,0,1
Hiedra inglesa,1.0,1.0,1.0,1,0,0,1,1,0,0,2,1,2,2,0,0,1
Hiedra inglesa,1.0,3.0,1.0,1,0,0,1,0,1,0,2,1,2,2,0,0,1
Hiedra inglesa,1.0,2.0,2.0,1,0,1,0,0,1,0,2,1,2,2,0,0,1
Hiedra inglesa,0.0,1.0,2.0,1,0,0,1,1,0,0,2,1,2,2,0,0,1
Hiedra inglesa,1.0,1.0,2.0,0,0,0,1,0,1,0,2,1,2,2,0,0,1
Hiedra inglesa,1.0,1.0,1.0,1,0,1,0,0,1,0,2,1,2,2,0,0,1
Hiedra inglesa,1.0,2.0,3.0,1,1,0,0,0,1,0,2,1,2,2,0,0,1
Philodendron,0.0,1.0,2.0,1,0,0,1,0,0,1,2,0,1,2,0,0,1
Philodendron,1.0,1.0,2.0,1,0,0,1,0,0,1,2,0,1,2,0,0,1
Philodendron,0.0,1.0,2.0,1,1,0,0,0,1,0,2,0,1,2,0,0,1
Philodendron,0.0,1.0,2.0,1,1,0,0,0,1,0,2,0,1,2,0,0,1
Philodendron,1.0,1.0,2.0,1,0,0,1,1,0,0,2,0,1,2,0,0,1
Philodendron,0.0,1.0,3.0,1,1,0,0,0,0,1,2,0,1,2,0,0,1
Philodendron,1.0,1.0,1.0,1,0,0,1,0,1,0,2,0,1,2,0,0,1
Philodendron,1.0,3.0,2.0,1,0,1,0,1,0,0,2,0,1,2,0,0,1
Philodendron,0.0,1.0,2.0,1,0,1,0,0,0,1,2,0,1,2,0,0,1
Philodendron,1.0,2.0,2.0,1,1,0,0,0,0,1,2,0,1,2,0,0,1
Philodendron,0.0,0.0,0.0,1,1,0,0,0,1,0,2,0,1,2,0,0,1
Philodendron,0.0,1.0,0.0,1,0,0,1,0,0,1,2,0,1,2,0,0,1
Philodendron,1.0,1.0,1.0,0,1,0,0,1,0,0,2,0,1,2,0,0,1
Philodendron,1.0,2.0,1.0,0,0,0,1,0,1,0,2,0,1,2,0,0,1
Philodendron,1.0,1.0,2.0,1,1,0,0,0,0,1,2,0,1,2,0,0,1
Philodendron,1.0,0.0,2.0,1,0,0,1,0,0,1,2,0,1,2,0,0,1
Philodendron,0.0,1.0,1.0,1,0,1,0,0,1,0,2,0,1,2,0,0,1
Philodendron,1.0,1.0,2.0,1,0,0,1,0,1,0,2,0,1,2,0,0,1
Philodendron,1.0,1.0,1.0,1,0,0,1,0,0,1,2,0,1,2,0,0,1
Philodendron,0.0,1.0,1.0,0,1,0,0,0,1,0,2,0,1,2,0,0,1
Philodendron,0.0,1.0,2.0,1,1,0,0,0,1,0,2,0,1,2,0,0,1
Philodendron,1.0,1.0,2.0,0,0,1,0,0,0,1,2,0,1,2,0,0,1
Philodendron,0.0,1.0,1.0,1,0,1,0,0,0,1,2,0,1,2,0,0,1
Philodendron,0.0,2.0,3.0,1,0,1,0,0,1,0,2,0,1,2,0,0,1
Philodendron,1.0,1.0,2.0,1,0,1,0,0,1,0,2,0,1,2,0,0,1
Philodendron,0.0,2.0,1.0,1,1,0,0,1,0,0,2,0,1,2,0,0,1
Philodendron,1.0,1.0,2.0,1,0,0,1,0,1,0,2,0,1,2,0,0,1
Philodendron,1.0,1.0,2.0,1,0,0,1,1,0,0,2,0,1,2,0,0,1
Philodendron,1.0,1.0,2.0,1,0,1,0,1,0,0,2,0,1,2,0,0,1
Philodendron,0.0,0.0,0.0,1,0,1,0,0,1,0,2,0,1,2,0,0,1
Philodendron,0.0,2.0,2.0,1,1,0,0,0,1,0,2,0,1,2,0,0,1
Philodendron,0.0,1.0,2.0,1,0,0,1,0,1,0,2,0,1,2,0,0,1
Philodendron,1.0,1.0,3.0,0,0,1,0,0,1,0,2,0,1,2,0,0,1
Philodendron,1.0,1.0,3.0,1,1,0,0,0,1,0,2,0,1,2,0,0,1
Philodendron,1.0,2.0,2.0,1,0,1,0,0,1,0,2,0,1,2,0,0,1
Philodendron,1.0,2.0,1.0,1,0,0,1,0,1,0,2,0,1,2,0,0,1
Philodendron,0.0,1.0,2.0,0,0,0,1,1,0,0,2,0,1,2,0,0,1
Philodendron,0.0,1.0,2.0,1,0,0,1,1,0,0,2,0,1,2,0,0,1
Philodendron,0.0,1.0,0.0,1,0,1,0,1,0,0,2,0,1,2,0,0,1
Philodendron,0.0,2.0,3.0,1,0,1,0,1,0,0,2,0,1,2,0,0,1
Hosta,0.0,1.0,3.0,1,1,0,0,0,0,1,1,1,1,2,0,1,1
Hosta,0.0,0.0,2.0,1,1,0,0,0,1,0,1,1,1,2,0,1,1
Hosta,0.0,2.0,2.0,0,1,0,0,0,1,0,1,1,1,2,0,1,1
Hosta,1.0,1.0,1.0,1,1,0,0,0,1,0,1,1,1,2,0,1,1
Hosta,1.0,1.0,2.0,1,0,0,1,0,0,1,1,1,1,2,0,1,1
Hosta,1.0,1.0,2.0,1,0,0,1,0,1,0,1,1,1,2,0,1,1
Hosta,1.0,0.0,2.0,1,0,0,1,0,0,1,1,1,1,2,0,1,1
Hosta,0.0,1.0,1.0,1,1,0,0,0,0,1,1,1,1,2,0,1,1
Hosta,1.0,1.0,2.0,1,0,0,1,0,1,0,1,1,1,2,0,1,1
Hosta,0.0,1.0,2.0,1,0,0,1,0,0,1,1,1,1,2,0,1,1
Hosta,1.0,0.0,1.0,1,0,0,1,0,1,0,1,1,1,2,0,1,1
Hosta,0.0,1.0,2.0,1,0,0,1,0,1,0,1,1,1,2,0,1,1
Hosta,1.0,1.0,2.0,1,0,0,1,0,1,0,1,1,1,2,0,1,1
Hosta,0.0,2.0,2.0,1,1,0,0,0,1,0,1,1,1,2,0,1,1
Hosta,1.0,2.0,1.0,1,0,0,1,0,1,0,1,1,1,2,0,1,1
Hosta,1.0,1.0,2.0,0,0,0,1,0,1,0,1,1,1,2,0,1,1
